titulo;url;municipio;uf;categoria;latitude;longitude;tipo_localizacao;localizacao_confirmada;qtd_municipio;qtd_categoria;data
Homem em situação de rua é morto em Águas Claras (DF) após atacar policial;https://noticias.r7.com/brasilia/df-no-ar/video/homem-em-situacao-de-rua-e-morto-em-aguas-claras-df-apos-atacar-policial-24032026/;Não Identificado;NI;Morte;-14.24410019656781;-51.910183650510895;municipio;True;75;199;2026-03-24 14:15:05+00:00
Moradores protestam após homem ser morto em operação policial no RS;https://g1.globo.com/rs/rio-grande-do-sul/noticia/2026/04/15/moradores-protestam-apos-homem-ser-morto-durante-operacao-policial-em-porto-alegre-mulher-com-filho-tambem-foi-atingida.ghtml;Porto;22;Morte;-3.880031705386745;-42.71866712383964;municipio;True;4;199;2026-04-15 00:00:00
"Vídeo mostra morador de rua rendido antes de ser morto por PMs; veja";https://www.terra.com.br/noticias/brasil/policia/video-mostra-morador-de-rua-rendido-antes-de-ser-morto-por-pms-veja,79ad9ce9c80531877dcb52230f91b686s2b41edn.html;Central;29;Morte;-11.131284779890407;-42.11883652762847;municipio;True;23;199;2025-08-05 22:37:47
"Homem é preso suspeito de torturar e matar morador de rua no Zumbi; vítima foi achada amarrada - Policial";https://www.portaldoholanda.com.br/policial/homem-e-preso-suspeito-de-torturar-e-matar-morador-de-rua-no-zumbi-vitima-foi-achada-amarrada;Não Identificado;NI;Outros;-14.220328713080402;-51.930985216978314;municipio;True;75;93;2026-04-16 14:58:33+00:00
Esquartejamento de morador de rua teve sequência brutal, frieza e motivação nebulosa;https://www.correiobraziliense.com.br/cidades-df/2025/04/7103165-esquartejamento-de-morador-de-rua-teve-sequencia-brutal-frieza-e-motivacao-nebulosa.html;Custódia;26;Morte;-8.07086795491259;-37.642856053729126;municipio;True;5;199;2025-04-07 00:00:00
Vídeo mostra PMs fuzilando morador de rua rendido;https://www.correio24horas.com.br/brasil/video-mostra-pms-fuzilando-morador-de-rua-rendido-0825;Natal;24;Morte;-5.787986598100426;-35.19571080277606;municipio;True;3;199;2026-04-16 13:53:01.027494
Crimes contra moradores de rua;https://acervo.oglobo.globo.com/incoming/crimes-contra-moradores-de-rua-22077230;Não Identificado;NI;Outros;-14.243113991271423;-51.90591929164659;municipio;True;75;93;2026-04-16 13:53:01.745454
'Era invisível': últimos momentos do morador de rua morto em padaria do RJ;https://noticias.uol.com.br/cotidiano/ultimas-noticias/2020/12/01/era-invisivel-morador-de-rua-pediu-socorro-antes-de-morrer-em-padaria.htm;Angélica;50;Morte;-22.165376053684774;-53.7593995779674;municipio;True;1;199;2020-12-01 00:00:00
Morador de rua foi achado morto após noite fria em SP;https://jornalcontabil.ig.com.br/noticia/morador-de-rua-foi-achado-morto-apos-noite-fria-em-sp/;Paulista;26;Morte;-7.914380590337815;-34.8641585883946;municipio;True;4;199;2023-05-31 09:23:00+00:00
Morador de rua morto em Águas Claras tinha histórico de agressões;https://www.metropoles.com/distrito-federal/na-mira/morador-de-rua-morto-em-aguas-claras-tinha-historico-de-agressoes;Barra;29;Morte;-11.086685917452513;-43.13242806781125;municipio;True;5;199;2026-04-16 13:53:07.791224
Morador de rua morto por sargento do Exército era “encrenqueiro”, dizem moradores;https://www.campograndenews.com.br/cidades/capital/morador-de-rua-morto-por-sargento-era-encrenqueiro-dizem-moradores;Amambai;50;Morte;-23.108664519362453;-55.21317022916671;municipio;True;1;199;2026-04-16 13:53:08.794091
Polícia identifica morador de rua morto à facada e procura autor;https://idest.com.br/policial/policia-identifica-morador-de-rua-morto-a-facada-e-procura-autor;Central;29;Morte;-11.154849783972715;-42.110776872576295;municipio;True;23;199;2022-12-02 14:14:49
Morador de rua morto - Policial;https://www.portaldoholanda.com.br/policial/morador-de-rua-morto;Não Identificado;NI;Morte;-14.254321710913676;-51.938480565617986;municipio;True;75;199;2014-06-20 01:04:34+00:00
Adolescente é morto por morador de rua no Centro de Florianópolis;https://www.correiosc.com.br/adolescente-e-morto-por-morador-de-rua-no-centro-de-florianopolis/;Custódia;26;Morte;-8.080042802798818;-37.64374312402929;municipio;True;5;199;2023-11-08 13:03:10+00:00
Morador de rua chorou e pôs mão na cabeça antes de ser morto por PMs, mostra vídeo;https://www1.folha.uol.com.br/cotidiano/2025/08/morador-de-rua-chorou-e-pos-mao-na-cabeca-antes-de-ser-morto-por-pms-mostra-video.shtml;Central;29;Morte;-11.130547750397557;-42.119371612263755;municipio;True;23;199;2025-08-05 20:37:00
Perícia não consegue identificar morador de rua morto a pancadas na cabeça em Teixeira de Freitas;https://primeirojornal.com.br/2026/04/15/pericia-nao-consegue-identificar-morador-de-rua-morto-a-pancadas-na-cabeca-em-teixeira-de-freitas/;Teixeira;25;Morte;-7.235684525849637;-37.26069841605042;municipio;True;3;199;2026-04-15 00:00:00
Corpo de morador de rua executado por policiais há 2 meses segue no IML;https://g1.globo.com/sp/sao-paulo/noticia/2025/08/17/corpo-de-morador-de-rua-executado-por-policiais-ha-2-meses-segue-no-iml-familia-nao-tem-dinheiro-para-translado-ate-al.ghtml;Tiros;31;Morte;-19.000434631482154;-45.9581698183106;municipio;True;6;199;2025-08-17 00:00:00
Estado de SP vai ter que pagar pela morte de morador de rua;https://g1.globo.com/sp/sao-paulo/noticia/2025/09/01/justica-responsabiliza-estado-de-sp-por-morte-de-morador-de-rua-cometida-por-pm-e-ordena-custeio-de-traslado.ghtml;Tiros;31;Morte;-18.989022725200197;-45.96580113668;municipio;True;6;199;2025-09-01 00:00:00
Polícia de Goiás usa IA e prende pai e filho por suspeita de matarem morador de rua;https://www1.folha.uol.com.br/cotidiano/2026/04/policia-de-goias-usa-ia-e-prende-pai-e-filho-por-suspeita-de-matarem-morador-de-rua.shtml;Central;29;Morte;-11.134600448601564;-42.12222731055922;municipio;True;23;199;2026-04-12 16:10:00
Policiais militares são presos por morte de morador de rua em São Paulo;https://www.cnnbrasil.com.br/nacional/sudeste/sp/policiais-militares-sao-presos-por-morte-de-morador-de-rua-em-sao-paulo/;Central;29;Outros;-11.129078148214841;-42.10295048493045;municipio;True;23;93;2025-07-23 17:25:49-03:00
Homem com esquizofrenia preso após matar morador de rua e ferir outros três em Campo Grande;https://noticias-do-brasil.news/crime/crime-justica/esquizofrnico-preso-aps-matar-morador-de-rua-em-campo-grande.html;Campo Grande;50;Morte;-20.44759662756289;-54.6237443578513;municipio;True;7;199;2026-04-13 15:46:28-03:00
Homem mata morador de rua e agride mais três no Centro de Campo Grande;https://correiodoestado.com.br/cidades/homem-mata-morador-de-rua-e-agride-mais-tres-no-centro-de-campo-grande/465000/;Campo Grande;50;Morte;-20.466812874215695;-54.64443813856867;municipio;True;7;199;2026-04-16 13:53:22.804679
Morador de rua chorou e colocou mãos na cabeça antes de ser executado por PMs no centro de SP;https://noticias.uol.com.br/ultimas-noticias/agencia-estado/2025/08/07/morador-de-rua-chorou-e-colocou-maos-na-cabeca-antes-de-ser-executado-por-pms-no-centro-de-sp.htm;Central;29;Morte;-11.141353200396567;-42.10963978467571;municipio;True;23;199;2025-08-07 00:00:00
Morador em situação de rua é morto a pauladas no extremo sul da Bahia;https://g1.globo.com/ba/bahia/noticia/2026/04/03/morador-e-morto-na-bahia.ghtml;Teixeira;25;Morte;-7.202863036154821;-37.24687938656315;municipio;True;3;199;2026-04-03 00:00:00
Em dia de forte frio, morador de rua é encontrado morto em Cotia (SP);https://www.cnnbrasil.com.br/nacional/sudeste/sp/em-dia-de-forte-frio-morador-de-rua-e-encontrado-morto-em-cotia-sp/;Carolina;21;Morte;-7.341640666328931;-47.449175083422716;municipio;True;3;199;2025-06-12 10:38:49-03:00
Morador de rua chorou e colocou as mãos na cabeça antes de ser executado por PMs no centro de SP;https://www.estadao.com.br/sao-paulo/morador-de-rua-chorou-e-colocou-as-maos-na-cabeca-antes-de-ser-executado-por-pms-no-centro-de-sp-nprm/;Central;29;Morte;-11.138651709271816;-42.12806489909203;municipio;True;23;199;2026-04-16 13:53:29.389120
Morador de rua é encontrado morto após noite fria em SP;https://agenciabrasil.ebc.com.br/geral/noticia/2023-05/morador-de-rua-e-encontrado-morto-apos-noite-fria-em-sp;Paulista;26;Morte;-7.925050069787418;-34.88033532962429;municipio;True;4;199;2023-05-16 00:00:00
PMs acusados de executar morador responderão por homicídio qualificado;https://agenciabrasil.ebc.com.br/geral/noticia/2025-08/pms-acusados-de-executar-morador-responderao-por-homicidio-qualificado;Pilar;27;Morte;-9.618785163035614;-35.94578519662961;municipio;True;1;199;2025-08-16 00:00:00
Vídeo mostra PMs fuzilando morador de rua rendido no centro de SP;https://www.metropoles.com/sao-paulo/video-mostra-pms-fuzilando-morador-de-rua-rendido-no-centro-de-sp;Registro;35;Morte;-24.487993661443635;-47.85514202267622;municipio;True;3;199;2026-04-16 13:53:34.367447
Morador de rua com histórico criminal é encontrado morto a facadas em São Francisco do Sul;https://sctd.com.br/seguranca/morador-de-rua-com-historico-criminal-e-encontrado-morto-a-facadas-em-sao-francisco-do-sul/;São Francisco;31;Morte;-15.969745474910278;-44.87073518656415;municipio;True;1;199;2026-03-20 11:44:22+00:00
Morador de rua é morto a pedradas no Alecrim, em Natal;https://g1.globo.com/rn/rio-grande-do-norte/noticia/2024/07/09/morador-de-rua-morto-pedradas-alecrim-natal.ghtml;Natal;24;Morte;-5.795230710120019;-35.20183949854696;municipio;True;3;199;2024-07-09 00:00:00
Homem em situação de rua é encontrado morto na noite desta quinta-feira em Porto Alegre;https://www.correiodopovo.com.br/notícias/polícia/homem-em-situação-de-rua-é-encontrado-morto-na-noite-desta-quinta-feira-em-porto-alegre-1.1616089;Alegre;32;Morte;-20.74032960448435;-41.539473344025375;municipio;True;7;199;2026-04-16 13:53:40.042438
Morador em situação de rua é morto e outros dois são atacados em MS;https://g1.globo.com/ms/mato-grosso-do-sul/noticia/2026/04/12/ataque-a-pedradas-mata-morador-em-situacao-de-rua-e-deixa-outros-dois-feridos-em-campo-grande.ghtml;Não Identificado;NI;Morte;-14.216222123487078;-51.9144152695719;municipio;True;75;199;2026-04-12 00:00:00
Morador de rua é morto enquanto dormia em rodoviária no ES;https://www.folhavitoria.com.br/policia/morador-em-situacao-de-rua-e-assassinado-a-facadas-enquanto-dormia-em-rodoviaria-no-es/;Não Identificado;NI;Morte;-14.224402223699549;-51.91248490775491;municipio;True;75;199;2026-04-13 15:15:39+00:00
Vídeo mostra homem matando morador de rua a pedradas em Brasília;https://www.metropoles.com/distrito-federal/na-mira/video-mostra-homem-matando-morador-de-rua-a-pedradas-em-brasilia;Brasília;53;Morte;-15.780674683724342;-47.91615922508059;municipio;True;10;199;2026-04-16 13:53:43.220359
Homenagem ao Morador de rua morto ao salvar refém - Acróstico;https://www.youtube.com/watch?v=vnj2ZV-GDgI;Não Identificado;NI;Morte;-14.240617824910094;-51.94124955547773;municipio;True;75;199;2026-04-16 13:53:44.659428
Polícia usa IA e prende pai e filho por suspeita de matarem morador de rua;https://www.otempo.com.br/brasil/2026/4/12/policia-usa-ia-e-prende-pai-e-filho-por-suspeita-de-matarem-morador-de-rua;Central;29;Morte;-11.13557938050182;-42.10903818038825;municipio;True;23;199;2026-04-12 00:00:00
Instagram;https://www.instagram.com/p/DXE0aS_kUAs/;Não Identificado;NI;Outros;-14.215368069610326;-51.918304683166646;municipio;True;75;93;2026-04-16 13:53:46.673189
Make Your Day;https://www.tiktok.com/@fatos_de_brasilia/video/7620835214100679956;Não Identificado;NI;Outros;-14.224375217530644;-51.941468290049826;municipio;True;75;93;2026-04-16 13:53:48.549726
Canadense achado com ajuda de IA foi enterrado como indigente;https://g1.globo.com/sp/santos-regiao/noticia/2026/03/20/canadense-encontrado-com-ajuda-de-ia-vivia-em-situacao-de-rua-no-brasil-e-foi-enterrado-como-indigente.ghtml;Santos;35;Outros;-23.9504899201177;-46.32489316529504;municipio;True;1;93;2026-03-20 00:00:00
Morador de rua morto por PMs sonhava em ser jogador de futebol;https://www.gazetasp.com.br/policia/morador-de-rua-morto-por-pms-sonhava-em-ser-jogador-de-futebol/1160807/;Tiros;31;Morte;-18.988695761665245;-45.963370239484036;municipio;True;6;199;2026-04-16 13:53:51.215689
PMs que mataram morador de rua não deveriam estar no local, diz agente;https://www.metropoles.com/sao-paulo/pms-que-mataram-morador-de-rua-nao-deveriam-estar-no-local-diz-agente;Registro;35;Morte;-24.508706877852706;-47.83337995240643;municipio;True;3;199;2026-04-16 13:53:52.259680
Vídeo mostra homem matando morador de rua a pedradas próximo ao Conic;https://noticias.r7.com/brasilia/balanco-geral-df/video/video-mostra-homem-matando-morador-de-rua-a-pedradas-proximo-ao-conic-10102024/;Não Identificado;NI;Outros;-14.221021580494133;-51.916377959251726;municipio;True;75;93;2024-10-10 19:16:57+00:00
Morador de rua morre atropelado por carreta na BR-262;https://correiodoestado.com.br/cidades/policia/morador-de-rua-morre-atropelado-por-carreta-na-br-262/465047/;Mato Grosso;25;Morte;-6.545271171310217;-37.743772277754275;municipio;True;2;199;2026-04-16 13:53:56.000963
Estudantes de universidade particular de Belém (PA) atacam morador de rua com arma de choque;https://noticias.r7.com/jr-na-tv/video/estudantes-de-universidade-particular-de-belem-pa-atacam-morador-de-rua-com-arma-de-choque-14042026/;Belém;27;Violência;-9.568861865811519;-36.49487783582651;municipio;True;7;34;2026-04-14 00:11:23+00:00
MSN;https://www.msn.com/pt-br/noticias/videos-de-noticias/morador-de-rua-morre-no-estacionamento-do-estádio-do-corinthians-após-ser-atropelado-por-caminhão-da-tropa-de-choque/ar-AA1UX529;Não Identificado;NI;Outros;-14.21804712492684;-51.924498760856174;municipio;True;75;93;2026-04-16 13:54:05.836391
Morador de rua é baleado em ponto de ônibus e morre no ABC Paulista;https://noticias.r7.com/sao-paulo/morador-de-rua-e-baleado-em-ponto-de-onibus-e-morre-no-abc-paulista-10062019/;Paulista;26;Morte;-7.945205961157401;-34.85717773190238;municipio;True;4;199;2019-06-10 15:31:51+00:00
"Morador em situação de rua morre após atropelamento na Avenida Paralela; veja a reportagem";https://www.alojuca.com.br/noticia/morador-em-situacao-de-rua-morre-apos-atropelamento-na-avenida-paralela-veja-a-reportagem;Não Identificado;NI;Morte;-14.243738950760894;-51.94228441914312;municipio;True;75;199;2026-04-16 13:54:09.527662
Carro cai de viaduto e mata morador de rua no Rio de Janeiro;https://www.metropoles.com/brasil/carro-cai-de-viaduto-e-mata-morador-de-rua-no-rio-de-janeiro;Barreira;23;Morte;-4.293982165366226;-38.65261814291044;municipio;True;1;199;2026-04-16 13:54:10.318927
Morador de rua morre após ser baleado por policial militar, em Taubaté;https://www.cbnvale.com.br/morador-de-rua-morre-apos-ser-baleado-por-policial-militar-em-taubate/;Modelo;42;Morte;-26.7868907687719;-53.03201391495558;municipio;True;1;199;2022-08-30 14:00:29+00:00
Morador de rua é ignorado e agoniza até a morte em bairro nobre do Rio de Janeiro;https://www.pragmatismopolitico.com.br/2020/12/morador-de-rua-padaria-rio-de-janeiro.html;Cássia;31;Morte;-20.588762655545025;-46.928976082038375;municipio;True;1;199;2020-12-01 18:13:31+00:00
Moradora de rua morre atropelada no centro de Belo Horizonte;https://www.em.com.br/gerais/2025/11/7283850-moradora-de-rua-morre-atropelada-no-centro-de-belo-horizonte.html;Belo Horizonte;31;Morte;-19.896563568067297;-43.94362006254714;municipio;True;8;199;2025-11-07 00:00:00
O MORADOR DE RUA MORREU? ENTENDA;https://www.youtube.com/watch?v=GNpshY_BjqI;Não Identificado;NI;Morte;-14.22100705712607;-51.91292319927338;municipio;True;75;199;2026-04-16 13:54:20.047014
Duplo homicídio na Serra de SC: Invasão de casa acaba em tragédia;https://ndmais.com.br/seguranca/invasao-de-residencia-na-acaba-duplo-homicidio-na-serra-sc-e-morte-de-agressor-na-rua/;Lages;42;Morte;-27.834914330148468;-50.31207575876323;municipio;True;1;199;2026-04-15 09:40:39-03:00
Homem invade residência, entra em luta corporal com morador e ambos acabam mortos;https://www.oestemais.com/policia/2026/04/15/homem-invade-residencia-entra-em-luta-corporal-com-morador-e-ambos-acabam-mortos/;Não Identificado;NI;Morte;-14.24258211773415;-51.93894183688692;municipio;True;75;199;2026-04-15 00:00:00
Um morador de rua morto e dois gravemente feridos na área central da cidade;https://tempoms.com.br/policia/um-morador-de-rua-morto-e-dois-gravemente-feridos-na-area-central-da-cidade/;Campo Grande;50;Morte;-20.450093595035547;-54.61330948827131;municipio;True;7;199;2026-04-12 18:10:12+00:00
"Morador de rua é encontrado morto em praça no Centro de Camaçari; veja os detalhes";https://www.alojuca.com.br/noticia/morador-de-rua-e-encontrado-morto-em-praca-no-centro-de-camacari-veja-os-detalhes;Não Identificado;NI;Morte;-14.234782719660677;-51.939532037651425;municipio;True;75;199;2026-04-16 13:54:28.261143
Morador de rua é encontrado morto na tarde mais fria dos últimos 4 anos em SP;https://g1.globo.com/sao-paulo/noticia/morador-de-rua-e-encontrado-morto-na-tarde-mais-fria-do-ano-na-capital-paulista.ghtml;Pinheiros;32;Morte;-18.433369843406783;-40.214518347042905;municipio;True;1;199;2026-04-16 13:54:29.878417
BH: morador em situação de rua é encontrado morto no centro da capital;https://www.em.com.br/gerais/2024/11/6994364-bh-morador-em-situacao-de-rua-e-encontrado-morto-no-centro-da-capital.html;Não Identificado;NI;Morte;-14.238238018562662;-51.94198917124572;municipio;True;75;199;2024-11-06 00:00:00
Morador de rua é encontrado morto no centro de Marília • Marília Notícia;https://marilianoticia.com.br/morador-de-rua-e-encontrado-morto-no-centro-de-marilia/;Central;29;Morte;-11.153512618114105;-42.12444624897663;municipio;True;23;199;2018-08-01 14:29:53+00:00
Morador de rua é encontrado morto no centro de São Paulo;https://noticias.uol.com.br/cotidiano/ultimas-noticias/2021/07/19/morador-de-rua-e-encontrado-morto-no-centro-de-sp.htm;Capela;28;Morte;-10.492083707305149;-37.0610315267467;municipio;True;2;199;2021-07-19 00:00:00
Morador de rua encontrado morto no Centro e policia investiga crime;https://www.tribunapr.com.br/noticias/curitiba-regiao/morador-de-rua-encontrado-morto-no-centro-e-policia-investiga-crime/;Barão;43;Morte;-29.37745608379467;-51.48815806214488;municipio;True;2;199;2015-10-23 09:12:54+00:00
Morador de rua encontrado morto no Centro da cidade tinha sinais de violência;https://tribunadepetropolis.com.br/noticias/morador-de-rua-encontrado-morto-no-centro-da-cidade-tinha-sinais-de-violencia/;Caldas;31;Morte;-21.920038244731455;-46.39138190140724;municipio;True;1;199;2026-04-16 13:54:36.800672
Morador de rua é encontrado morto em agência bancária;https://www.gazetasp.com.br/policia/morador-rua-encontrado-morto-agencia-bancaria/1157787/;Não Identificado;NI;Morte;-14.247046010315401;-51.93410168248092;municipio;True;75;199;2026-04-16 13:54:38.144563
Homem em situação de rua é encontrado morto na Praça da Sé, no centro;https://www.metropoles.com/sao-paulo/homem-em-situacao-de-rua-e-encontrado-morto-na-praca-da-se-no-centro;São Paulo;35;Morte;-23.51733730933418;-46.63960872021022;municipio;True;9;199;2026-04-16 13:54:39.122013
Morador em situação de rua encontrado morto pode ser 1ª vítima de onda de frio;https://www.campograndenews.com.br/cidades/capital/morador-em-situacao-de-rua-encontrado-morto-pode-ser-1a-vitima-de-onda-de-frio;Campo Grande;50;Morte;-20.42989647761587;-54.611045184813015;municipio;True;7;199;2026-04-16 13:54:40.231057
Identificado morador de rua encontrado morto no JK;https://www.radiocacula.com.br/identificado-morador-de-rua-encontrado-morto-no-jk/;Andradina;35;Morte;-20.904421684630616;-51.385639648335996;municipio;True;1;199;2024-08-07 14:48:01-04:00
Página não encontrada;https://www.msemfoco.com.br/noticias/policia/morador-de-rua-encontrado-morto-dentro-de-banheiro-de-posto-de-combustiveis/305286/;Não Identificado;NI;Outros;-14.218684002822352;-51.935374655318704;municipio;True;75;93;2026-04-16 13:54:44.213605
Corpo de homem é encontrado perto da Torre de TV;https://www.metropoles.com/distrito-federal/corpo-de-homem-e-encontrado-perto-da-torre-de-tv;Central;29;Outros;-11.12828336052868;-42.10759494442496;municipio;True;23;93;2026-04-16 13:54:45.311816
Homem em situação de rua é encontrado morto no centro de São Paulo;https://www.estadao.com.br/brasil/homem-em-situacao-de-rua-e-encontrado-morto-no-centro-de-sao-paulo-nprm/;São Paulo;35;Morte;-23.54130116787245;-46.64521686178724;municipio;True;9;199;2026-04-16 13:54:48.095499
Ataques a pedradas e facadas deixam 1 morto e 2 feridos no Centro;https://www.campograndenews.com.br/cidades/capital/ataques-a-pedradas-e-facadas-deixam-1-morto-e-2-feridos-no-centro;Central;29;Morte;-11.152448930637178;-42.11576744356283;municipio;True;23;199;2026-04-16 13:54:49.114848
Morador de rua encontrado morto dentro de casa abandonada em Campo Maior.;https://www.youtube.com/watch?v=eAXb4E3pegs;Não Identificado;NI;Morte;-14.241269911266597;-51.92204720015222;municipio;True;75;199;2026-04-16 13:54:50.566255
Morador de rua é encontrado morto em frente a UBS em São Paulo;https://www.cnnbrasil.com.br/nacional/morador-de-rua-e-encontrado-morto-em-frente-a-ubs-em-sao-paulo/;Carolina;21;Morte;-7.348122960204766;-47.45135113571868;municipio;True;3;199;2024-07-08 08:04:19-03:00
Mortalidade de pessoas em situação de rua é 348% maior do que da população geral, diz pesquisa – Fiocruz Brasília;https://www.fiocruzbrasilia.fiocruz.br/mortalidade-de-pessoas-em-situacao-de-rua-e-348-maior-do-que-da-populacao-geral-diz-pesquisa/;Barreiras;29;Morte;-12.127410601534383;-44.99964362557635;municipio;True;2;199;2026-04-16 13:54:54.224304
Conselho Nacional do Ministério Público;https://www.cnmp.mp.br/portal/institucional/comissoes/comissao-de-defesa-dos-direitos-fundamentais/pessoas-em-situacao-de-rua;Não Identificado;NI;Outros;-14.226699240290392;-51.92474517952255;municipio;True;75;93;2026-04-16 13:54:56.488526
"MDHC lança relatório sobre pessoas em situação de rua no Brasil; estudo indica que 1 em cada mil brasileiros não tem moradia";https://www.gov.br/mdh/pt-br/assuntos/noticias/2023/setembro/mdhc-lanca-relatorio-sobre-pessoas-em-situacao-de-rua-no-brasil-estudo-indica-que-1-em-cada-mil-brasileiros-nao-tem-moradia;Brasileira;22;Outros;-4.138647240261469;-41.7812829787925;municipio;True;2;93;2026-04-16 13:54:57.303454
Homem em situação de rua morre no Jardim do Lago, em Jundiaí;https://jr.jor.br/2026/04/14/homem-em-situacao-de-rua-morre-no-jardim-do-lago-em-jundiai/;Jardim;50;Morte;-21.484307837237004;-56.1604314025016;municipio;True;7;199;2026-04-14 00:00:00
Homem em situação de rua morre em frente a igreja no litoral de SP;https://g1.globo.com/sp/santos-regiao/noticia/2025/05/19/homem-em-situacao-de-rua-morre-em-frente-a-igreja-no-litoral-de-sp.ghtml;Guarujá;35;Outros;-23.9951195935049;-46.259069462030986;municipio;True;1;93;2025-05-19 00:00:00
Pessoas em situação de rua são maioria das vítimas de homicídios no Plano Piloto;https://www.correiobraziliense.com.br/cidades-df/2025/10/7278447-pessoas-em-situacao-de-rua-sao-maioria-das-vitimas-de-homicidios-no-plano-piloto.html;Brasília;53;Violência;-15.775581493667104;-47.90982892323772;municipio;True;10;34;2025-10-07 00:00:00
"""Um a menos"", Ewerton morreu embaixo de uma árvore e sozinho";https://www.campograndenews.com.br/cidades/capital/um-a-menos-ewerton-morreu-embaixo-de-uma-arvore-e-sozinho;Campo Grande;50;Morte;-20.451828960972982;-54.62947617944098;municipio;True;7;199;2026-04-16 13:55:01.641130
"Homem em situação de rua é espancado no DF antes de ser morto; vídeo";https://www.metropoles.com/distrito-federal/homem-em-situacao-de-rua-e-espancado-no-df-antes-de-ser-morto-video;Quadra;35;Morte;-23.306967128645535;-48.06040538044332;municipio;True;1;199;2026-04-16 13:55:04.442466
Morre homem em situação de rua que teve corpo incendiado em Curitiba;https://g1.globo.com/pr/parana/noticia/2026/03/23/morre-homem-em-situacao-de-rua-que-teve-corpo-incendiado-em-curitiba.ghtml;Curitiba;41;Outros;-25.423300627818172;-49.27948391982567;municipio;True;3;93;2026-03-23 00:00:00
Resultado de busca por pessoa-em-situacao-de-rua;https://sbtnews.sbt.com.br/search?q=pessoa-em-situacao-de-rua;Não Identificado;NI;Outros;-14.234746836839157;-51.905345625997555;municipio;True;75;93;2026-04-16 13:55:07.828749
Duas pessoas em situação de rua morrem após serem atropeladas;https://g1.globo.com/ba/bahia/noticia/2025/04/22/duas-pessoas-em-situacao-de-rua-morrem-apos-serem-atropeladas-na-bahia.ghtml;Teixeira;25;Outros;-7.219080890342107;-37.233809303911215;municipio;True;3;93;2025-04-22 00:00:00
Pessoa em situação de rua é morta a tiros no Bairro Santo Antônio;https://www.em.com.br/gerais/2025/05/7134697-pessoa-em-situacao-de-rua-e-baleada-apos-discussao-em-bh.html;Mariana;31;Morte;-20.37820712971201;-43.42529670238668;municipio;True;1;199;2025-05-07 00:00:00
Homem em situação de rua é baleado e morto na região da Cracolândia em SP;https://www.cartacapital.com.br/sociedade/homem-em-situacao-de-rua-e-baleado-e-morto-na-regiao-da-cracolandia-em-sp/;Central;29;Morte;-11.157181409797007;-42.100141112526;municipio;True;23;199;2022-05-13 15:42:46+00:00
Duas pessoas em situação de rua são mortas a tiros ao lado da estação do metrô de Irajá;https://odia.ig.com.br/rio-de-janeiro/2025/10/7147286-duas-pessoas-em-situacao-de-rua-sao-mortas-a-tiros-ao-lado-da-estacao-do-metro-de-iraja.html;Estação;43;Morte;-27.911943642384625;-52.27212067856499;municipio;True;5;199;2025-10-07 00:00:00
"Homem em situação de rua é morto brutalmente em praça de Barra do Piraí; mulher é presa em flagrante";https://grupokbum.com.br/detalhe-noticia/336/homem-em-situacao-de-rua-e-morto-brutalmente-em-praca-de-barra-do-pirai-mulher-e-presa-em-flagrante;Barbosa;35;Morte;-21.267432678998773;-49.93430282234916;municipio;True;1;199;2026-04-16 13:55:14.281088
Homem em situação de rua morre na calçada de SP em uma das noites mais frias do ano;https://www.brasildefato.com.br/2022/08/21/homem-em-situacao-de-rua-morre-na-calcada-de-sp-em-uma-das-noites-mais-frias-do-ano;Paulista;26;Morte;-7.9466361093780415;-34.87608821153272;municipio;True;4;199;2022-08-21 00:00:00
Morador em situação de rua morre em centro de convivência em São Paulo;https://brasilagoraonline.com.br/noticias/2022/05/morador-em-situacao-de-rua-morre-em-centro-de-convivencia-em-sao-paulo/;Central;29;Morte;-11.147417574840443;-42.129203314250255;municipio;True;23;199;2022-05-18 23:07:42+00:00
Pessoa em situação de rua morre após noite mais fria do ano em São Paulo;https://cultura.uol.com.br/noticias/49071_pessoa-em-situacao-de-rua-morre-apos-noite-mais-fria-do-ano-em-sao-paulo.html;Campanha;31;Morte;-21.83234938897846;-45.39147974329169;municipio;True;2;199;2026-04-16 13:55:19.717597
Pessoa em situação de rua morre na Rangel Pestana;https://jr.jor.br/2025/06/13/pessoa-em-situacao-de-rua-morre-na-rangel-pestana/;Jundiaí;35;Morte;-23.178264294572728;-46.889628332426994;municipio;True;2;199;2025-06-13 00:00:00
Corpos esquecidos: só 6 das 27 capitais contabilizam mortes de pessoas em situação de rua;https://www.brasildefato.com.br/2025/08/28/corpos-esquecidos-so-6-das-27-capitais-contabilizam-mortes-de-pessoas-em-situacao-de-rua/;Alegre;32;Morte;-20.75315080363283;-41.52381740542029;municipio;True;7;199;2025-08-28 00:00:00
Homem morre após ser atropelado por ônibus no Terminal Parque Dom Pedro II;https://www.cnnbrasil.com.br/nacional/sudeste/sp/homem-morre-apos-ser-atropelado-por-onibus-no-terminal-parque-dom-pedro-ii/;Central;29;Morte;-11.145524147230462;-42.127202690972766;municipio;True;23;199;2026-04-11 12:35:43-03:00
Homem em situação de rua é encontrado morto no Centro de Curitiba;https://cbncuritiba.com.br/materias/homem-em-situacao-de-rua-e-encontrado-morto-no-centro-de-curitiba/;Central;29;Morte;-11.118179159114492;-42.1080542984479;municipio;True;23;199;2025-08-11 19:02:43
Moradores pedem justiça por pessoa em situação de rua morta por policial;https://www.em.com.br/gerais/2025/02/7069403-moradores-pedem-justica-por-pessoa-em-situacao-de-rua-morta-por-policial.html;Central;29;Morte;-11.152098964872192;-42.09282552621517;municipio;True;23;199;2025-02-07 00:00:00
Polícia investiga morte de homem em situação de rua a metros de UPA em SP;https://www.cnnbrasil.com.br/nacional/sudeste/sp/policia-investiga-morte-de-homem-em-situacao-de-rua-a-metros-de-upa-em-sp/;Barão;43;Morte;-29.370732997913738;-51.510710786051014;municipio;True;2;199;2025-04-28 15:55:38-03:00
São Paulo tem 2ª morte de pessoa em situação de rua durante onda de frio;https://www.bol.uol.com.br/noticias/2024/06/02/morte-pessoa-situacao-de-rua-noite-frio-sp.htm;São Paulo;35;Outros;-23.51414651678811;-46.63815252566418;municipio;True;9;93;2024-06-02 00:00:00
Duas pessoas em situação de rua são mortas em menos de 10 horas em Ipatinga;https://www.otempo.com.br/cidades/2024/11/11/duas-pessoas-em-situacao-de-rua-sao-mortas-em-menos-de-10-horas-;Cláudio;31;Morte;-20.447225665515095;-44.76037134146526;municipio;True;1;199;2024-11-11 00:00:00
Ladrão morto a tiros em Ipatinga era pessoa em situação de rua;https://www.diariodoaco.com.br/noticia/0121676-ladrao-morto-a-tiros-em-ipatinga-era-pessoa-em-situacao-de-rua;Barra;29;Morte;-11.079548807718192;-43.15802216062836;municipio;True;5;199;2026-04-16 13:55:37.674514
Três pessoas em situação de rua são mortas a tiros no Dois de Julho;https://bahia.ba/salvador/tres-pessoas-em-situacao-de-rua-sao-mortas-a-tiros-no-dois-de-julho/;Liberdade;31;Outros;-22.036699348127698;-44.31350229183445;municipio;True;4;93;2026-04-16 13:55:40.576123
Duas pessoas em situação de rua são encontradas mortas em diferentes pontos do Centro de Goiânia;https://aredacao.com.br/duas-pessoas-em-situacao-de-rua-sao-encontradas-mortas-em-diferentes-pontos-do-centro-de-goiania/;Goiânia;52;Morte;-16.687440473293815;-49.26427808840892;municipio;True;1;199;2026-04-09 12:06:04+00:00
Homem em situação de rua é morto durante briga em Niterói;https://enfoco.com.br/noticias/policia/homem-em-situacao-de-rua-e-morto-durante-briga-em-niteroi-104983;Niterói;33;Morte;-22.888490501275612;-43.08448235415183;municipio;True;1;199;2024-02-20 09:31:16-03:00
;https://bvsms.saude.gov.br/bvs/publicacoes/saude_populacao_situacao_rua.pdf;Não Identificado;NI;Outros;-14.24718603229185;-51.934231823459896;municipio;True;75;93;2026-04-16 13:55:47.012922
Vigilante suspeito de executar pessoa em situação rua é preso;https://atarde.com.br/portalmunicipios/portalmunicipioscentronorte/vigilante-suspeito-de-executar-pessoa-em-situacao-rua-e-preso-1221266;Faro;15;Morte;-2.18438116528187;-56.724769188677186;municipio;True;1;199;2023-03-03 12:40:00
Mortalidade de pessoas em situação de rua é 348% maior do que da população geral, diz pesquisa;https://trilhasdecuidadonasruas.ensp.fiocruz.br/mortalidade-de-pessoas-em-situacao-de-rua-e-348-maior-do-que-da-populacao-geral-diz-pesquisa/;Barreiras;29;Morte;-12.140933569904595;-45.013534871180354;municipio;True;2;199;2025-10-29 12:50:44+00:00
Moradora em situação de rua foge de hospital e é encontrada morta;https://ac24horas.com/2024/11/07/moradora-em-situacao-de-rua-foge-do-ps-e-e-encontrada-morta-em-rio-branco/;Oliveira;31;Outros;-20.687423606772285;-44.81111689572066;municipio;True;1;93;2024-11-07 00:00:00
Tragédia em mini cracolândia de Rio Branco: Mulher em situação de rua é Encontrada Morta;https://oaltoacre.com/tragedia-em-mini-cracolandia-de-rio-branco-mulher-em-situacao-de-rua-e-encontrada-morta/;Cruzeiro;35;Outros;-22.58044679382804;-44.965032185471316;municipio;True;2;93;2024-11-08 14:38:11-05:00
Mulher em situação de rua é morta e corpo é deixado dentro de mala;https://d24am.com/brasil/mulher-em-situacao-de-rua-e-morta-e-corpo-e-deixado-dentro-de-mala/;Mossoró;24;Outros;-5.180641022207301;-37.35821834079568;municipio;True;1;93;2026-03-19 12:24:58-04:00
O que se sabe sobre o esquema que envolveu o assassinato de mulher em situação de rua para resgatar seguro de R$ 4 milhões;https://g1.globo.com/rj/rio-de-janeiro/noticia/2024/10/11/o-que-se-sabe-sobre-o-esquema-que-envolveu-o-assassinato-de-mulher-em-situacao-de-rua-para-resgatar-seguro-de-r-4-milhoes.ghtml;Não Identificado;NI;Outros;-14.229607127559245;-51.908647786847204;municipio;True;75;93;2024-10-11 00:00:00
Corpo de sem-teto morto no Rio é liberado para enterro em Salvador;https://g1.globo.com/rj/rio-de-janeiro/noticia/2025/10/21/liberacao-corpo-bahia-sem-teto-morto-no-rio-sepultamento-salvador.ghtml;Salvador;29;Morte;-12.960004914769362;-38.502038269584126;municipio;True;1;199;2025-10-21 00:00:00
Sem-teto morto por policiais em Los Angeles não era francês;https://www.terra.com.br/esportes/sem-teto-morto-por-policiais-em-los-angeles-nao-era-frances,995385e5422eb410VgnCLD200000b2bf46d0RCRD.html;Tiros;31;Morte;-18.996167284187685;-45.95416137888792;municipio;True;6;199;2015-03-04 01:48:44
sem teto – Página 3 – andradetalis;https://andradetalis.wordpress.com/tag/sem-teto/page/3/;Pedra;26;Outros;-8.484410521796015;-36.94755691177805;municipio;True;2;93;2026-04-16 13:56:02.067388
Homem mata idoso sem-teto a pauladas na Liberdade;https://www.ibahia.com/salvador/homem-mata-idoso-sem-teto-a-pauladas-na-liberdade;Liberdade;31;Morte;-22.037938552615593;-44.304389009131135;municipio;True;4;199;2022-03-18 17:19:00
Defensoria consegue liberação do corpo de 'Bahia', sem-teto morto no Rio, para sepultamento em Salvador;https://diariodoestadogo.com.br/defensoria-consegue-liberacao-do-corpo-de-bahia-sem-teto-morto-no-rio-para-sepultamento-em-salvador-550409/;Estação;43;Morte;-27.897799181997833;-52.244860574362775;municipio;True;5;199;2025-10-21 18:12:50+00:00
Sem-teto é morto a pauladas e suspeito diz que 'se adiantou' diante de suposta ameaça;https://www.gazetadigital.com.br/editorias/policia/sem-teto-e-morto-a-pauladas-e-suspeito-diz-que-se-adiantou-diante-de-suposta-ameaca/840295;Passagem;25;Morte;-7.1537233760085925;-37.04429649346439;municipio;True;3;199;2026-04-16 13:56:08.278316
Menino Sem-Teto Salva o Filho de um Bilionário Depois que Médicos o Declaram Morto — Mas o que Aconteceu Depois Chocou a Todos;https://highxtop.com/menino-sem-teto-salva-o-filho-de-um-bilionario-depois-que-medicos-o-declaram-morto-mas-o-que-aconteceu-depois-chocou-a-todos-pino/;Jardim;50;Morte;-21.468583882424813;-56.14359248068799;municipio;True;7;199;2026-03-16 10:25:00+00:00
Milão: Homem sem-teto é encontrado morto por provável hipotermia em Via Padova;https://laviaitalia.com.br/milao-homem-sem-teto-morto-via-padova-frio;Estação;43;Morte;-27.90828285359589;-52.249818165259235;municipio;True;5;199;2026-01-17 08:49:26
AMAAC - 24/03/2026 - Rede Globo - DF1 - Sem teto é morto por PM da reserva em Águas Claras;https://m.youtube.com/watch?v=Q66ZtyGJQgo;Reserva;41;Morte;-24.641217676506916;-50.85499514805078;municipio;True;3;199;2026-04-16 13:56:14.271664
Sem-teto é morto por PM da reserva em Águas Claras;https://g1.globo.com/df/distrito-federal/df1/video/sem-teto-e-morto-por-pm-da-reserva-em-aguas-claras-14460635.ghtml;Reserva;41;Morte;-24.638464923435897;-50.845134223047154;municipio;True;3;199;2026-04-16 13:56:15.778995
Sem-teto é encontrado morto em trincheira de Belo Horizonte • Rede Repórter;https://redereporter.com/sem-teto-e-encontrado-morto-em-trincheira-de-belo-horizonte/;Belo Horizonte;31;Morte;-19.912277003597403;-43.935652649441096;municipio;True;8;199;2023-10-02 11:17:33-03:00
Sem-teto é encontrado morto | AS PRIMEIRAS 48 HORAS: MINUTOS CRÍTICOS | A&E;https://m.youtube.com/watch?v=RwdBw_FIDcU;Não Identificado;NI;Morte;-14.24588245426936;-51.90981816340502;municipio;True;75;199;2026-04-16 13:56:19.255315
Segurança é condenado a 15 anos por morte de sem-teto no Rio;https://g1.globo.com/rj/rio-de-janeiro/noticia/2026/02/04/seguranca-condenado-por-morte-de-sem-teto.ghtml;Não Identificado;NI;Morte;-14.237460639953047;-51.91565883604694;municipio;True;75;199;2026-02-04 00:00:00
Famílias que ocupam calçada fazem protesto no 7º dia da morte de sem-teto;https://www.gazetadopovo.com.br/vida-e-cidadania/familias-que-ocupam-calcada-fazem-protesto-no-7-dia-da-morte-de-sem-teto-b9vugs3t9hut1r48en5awzm8e/;Passagem;25;Morte;-7.118187427672686;-37.044666799132905;municipio;True;3;199;2026-04-16 13:56:24.359890
Jornal: Homem morre em padaria, que seguiu aberta até corpo ser recolhido;https://noticias.uol.com.br/cotidiano/ultimas-noticias/2020/11/29/homem-morre-em-padaria-que-segue-aberta-ate-corpo-ser-recolhido.htm;Não Identificado;NI;Morte;-14.254631469540065;-51.91238037899375;municipio;True;75;199;2020-11-29 00:00:00
"Krajewski celebra o funeral de ""Robertino""";https://www.vaticannews.va/pt/igreja/news/2021-01/krajewski-funeral-sem-teto-pobreza-roma.html;Divino;31;Morte;-20.597586094303384;-42.15351576192813;municipio;True;1;199;2021-01-16 00:00:00
Colonel Abrams – Wikipédia, a enciclopédia livre;https://pt.wikipedia.org/wiki/Colonel_Abrams;Não Identificado;NI;Morte;-14.246635587399373;-51.92827826109216;municipio;True;75;199;2026-04-16 13:56:27.531243
Vídeo mostra PM empurrando sem-teto no chão após atropelamento e fugindo;https://g1.globo.com/mg/minas-gerais/noticia/2025/09/15/video-mostra-pm-empurrando-sem-teto-no-chao-apos-atropelamento-e-fugindo-sem-prestar-socorro-vitima-morreu.ghtml;Belo Horizonte;31;Outros;-19.903220907512292;-43.91081412177931;municipio;True;8;93;2025-09-15 00:00:00
"Sem-teto morre esmagado em caminhão de lixo e corpo é confundido com manequim; entenda o caso";https://www.maisgoias.com.br/mundo/sem-teto-morre-esmagado-em-caminhao-de-lixo-e-corpo-e-confundido-com-manequim-entenda-o-caso/;Imigrante;43;Morte;-29.34670360082174;-51.76333060540017;municipio;True;1;199;2025-09-19 17:45:34+00:00
Um homem sem-teto morreu em temperaturas congelantes na Madison Ave., em Toledo, levantando alarmes sobre a segurança no inverno e a escassez de abrigos.;https://pt.helm.news/2025-12-02/homeless-man-died-freezing-temps-toledos-madison-ave-raising-alarms-over.html;Toledo;41;Morte;-24.74007589220521;-53.726268906856326;municipio;True;1;199;2025-12-02 00:00:00
Sem-teto morre com R$ 4,5 milhões em conta bancária;https://extra.globo.com/noticias/page-not-found/sem-teto-morre-com-45-milhoes-em-conta-bancaria-22700212.html;Não Identificado;NI;Outros;-14.245936345079164;-51.93709526337488;municipio;True;75;93;2018-05-20 14:21:06-03:00
O motorista de aplicativo com covid-19 que foi despejado e morreu sem teto;https://www.terra.com.br/noticias/mundo/o-motorista-de-aplicativo-com-covid-19-que-foi-despejado-e-morreu-sem-teto,29282015b9f2293a06fdf45628acfcd2ovbgmpyv.html;Natal;24;Morte;-5.799014177336828;-35.21120893883601;municipio;True;3;199;2020-04-28 20:39:00
Sem-teto têm 3 vezes mais chances de morrer após ataque cardíaco;https://www.boasaude.com.br/noticias/13043/sem-teto-tem-3-vezes-mais-chances-de-morrer-apos-ataque-cardiaco.html;Não Identificado;NI;Violência;-14.246569274864962;-51.93601071139983;municipio;True;75;34;2026-04-16 13:56:52.172121
Um sem-teto de 35 anos morreu na...;https://www.facebook.com/sosbelohorizonte/posts/324007289732965/;Não Identificado;NI;Morte;-14.238246468920218;-51.91690878322668;municipio;True;75;199;2026-04-16 13:56:53.640640
Colega de sem-teto que morreu em SP após madrugada de frio relata dificuldade para conseguir vaga em abrigos;https://www.brasil247.com/regionais/sudeste/colega-de-sem-teto-que-morreu-em-sp-apos-madrugada-de-frio-relata-dificuldade-para-conseguir-vaga-em-abrigos;Passagem;25;Morte;-7.120509152193396;-37.02359038787172;municipio;True;3;199;2022-05-18 15:50:03+00:00
Estudante que gravou choques em sem-teto é filho de diretora do Detran;https://www.metropoles.com/brasil/estudante-que-gravou-choques-em-sem-teto-e-filho-de-diretora-do-detran;Belém;27;Violência;-9.58492058369212;-36.47332279476582;municipio;True;7;34;2026-04-16 13:56:56.262010
Cuiabanos lamentam morte de sem-teto que viralizou ao ajudar deficiente visual a atravessar rua;https://www.gazetadigital.com.br/editorias/cidades/cuiabanos-lamentam-morte-de-sem-teto-que-viralizou-ao-ajudar-deficiente-visual-a-atravessar-rua/804984;Porto;22;Morte;-3.8737502897971114;-42.6952979905699;municipio;True;4;199;2026-04-16 13:56:59.445717
“Me tira daqui”, pediu vítima antes de morrer engolida por prédio que desabou em SP;https://ndmais.com.br/noticias/me-tira-daqui-pediu-vitima-antes-de-morrer-engolida-por-predio-que-desabou-em-sp/;Estreito;21;Morte;-6.542589758307389;-47.42360423519939;municipio;True;1;199;2018-05-07 12:09:00-03:00
Onda de calor se intensifica na Europa;https://www.dw.com/pt-br/onda-de-calor-se-intensifica-na-europa/a-44958205;Barcelona;24;Morte;-5.949434302431084;-35.92993919484376;municipio;True;1;199;2026-04-16 13:57:10.557509
Tempestade de neve deixa ao menos quatro mortos na Espanha;https://www.gazetadopovo.com.br/mundo/breves/tempestade-neve-mortes-espanha/;Não Identificado;NI;Morte;-14.245048264330295;-51.91050371526963;municipio;True;75;199;2026-04-16 13:57:11.948286
Guaratinguetá: Andarilho é morto nesta segunda-feira (21) no bairro Tamandaré - CBN São José dos Campos;https://www.cbnvale.com.br/guaratingueta-andarilho-e-morto-nesta-segunda-feira-21-no-bairro-tamandare/;Guaratinguetá;35;Morte;-22.822131636631035;-45.18851716924454;municipio;True;1;199;2022-11-22 13:00:15+00:00
Homem é encontrado morto em varanda de bar no Nova Lima;https://www.campograndenews.com.br/cidades/capital/homem-e-encontrado-morto-em-varanda-de-bar-no-nova-lima;Nova Lima;31;Morte;-19.97530496534463;-43.86844214343441;municipio;True;1;199;2026-04-16 13:57:14.546796
Após atear fogo em pertences de andarilho, homem é encontrado morto;https://www.radiocacula.com.br/apos-atear-fogo-em-pertences-de-andarilho-homem-e-encontrado-morto/;Cardoso;35;Morte;-20.062990163031188;-49.923337493624615;municipio;True;1;199;2023-04-30 13:48:00-04:00
Andarilho morto a pauladas no Capão Raso;https://www.tribunapr.com.br/painel-do-crime/andarilho-morto-a-pauladas-no-capao-raso/;Não Identificado;NI;Morte;-14.222792278028681;-51.92353317918997;municipio;True;75;199;2003-07-02 19:33:18+00:00
Andarilho morto a tiros no Belo Horizonte é um fugitivo de Justiça da Paraíba;https://www.mossorohoje.com.br/noticias/23147-andarilho-morto-a-tiros-no-belo-horizonte-e-um-fugitivo-de-justica-da-paraiba;Belo Horizonte;31;Morte;-19.906226296475538;-43.916929546123946;municipio;True;8;199;2018-07-11 20:30:11-03:00
Andarilho é morto a pedradas às margens de rodovia, no Agreste alagoano;https://www.jaenoticia.com.br/noticias/2021/04/08/83498-andarilho-e-morto-a-pedradas-as-margens-de-rodovia-no-agreste-alagoano;Não Identificado;NI;Morte;-14.243266949583566;-51.90541790194249;municipio;True;75;199;2021-04-08 00:00:00
Andarilho é morto por engano com tiros e golpes de pedaço de vaso sanitário;https://www.otempo.com.br/cidades/andarilho-e-morto-por-engano-com-tiros-e-golpes-de-pedaco-de-vaso-sanitario-1.2242391;Ribeirão;26;Morte;-8.513638693215828;-35.36196031044986;municipio;True;1;199;2026-04-16 13:57:22.096902
ANDARILHO É MORTO A TIROS NA ZONA RURAL DE PEDRA, NO AGRESTE DE PERNAMBUCO;https://www.portalagresteviolento.com.br/2025/06/andarilho-e-morto-a-tiros-na-zona-rural-de-pedra-no-agreste-de-pernambuco/;Tiros;31;Morte;-18.98372058391907;-45.96374742487632;municipio;True;6;199;2025-06-12 05:43:03-03:00
Andarilho é morto a facadas e corpo é jogado em rodovia no interior;https://www.gazetadigital.com.br/editorias/policia/andarilho-e-morto-a-facadas-e-corpo-e-jogado-em-rodovia-no-interior/819673;Itaúba;51;Morte;-11.056833590590962;-55.26321403717276;municipio;True;1;199;2026-04-16 13:57:25.975998
Andarilho é morto a tiros por policial em São José;https://g1.globo.com/sp/vale-do-paraiba-regiao/video/andarilho-e-morto-a-tiros-por-policial-em-sao-jose-8100725.ghtml;São José;42;Morte;-27.624891903240872;-48.64690553511499;municipio;True;1;199;2026-04-16 13:57:27.454982
"Andarilho é encontrado morto no estacionamento do hospital de Apodi; Ele estava internado e havia fugido da unidade";https://www.apodi360.com.br/2026/03/andarilho-e-encontrado-morto-no.html;Apodi;24;Morte;-5.666500323867646;-37.79695735216268;municipio;True;1;199;2026-04-16 13:57:29.392639
Polícia busca identificar andarilho atropelado e morto na região;https://sampi.net.br/ovale/noticias/2969380/vale-do-paraiba/2026/03/policia-busca-identificar-andarilho-atropelado-e-morto-na-regiao;Não Identificado;NI;Morte;-14.248910753271176;-51.931541108350345;municipio;True;75;199;2026-03-24 07:46:20-03:00
RESIDENT EVIL 4 REMAKE Localização o morto Andarilho e dica para matar fácil;https://www.youtube.com/watch?v=TzMmaTneoAU;Não Identificado;NI;Morte;-14.224179529008376;-51.9125795628717;municipio;True;75;199;2026-04-16 13:57:32.785403
“The Walking Dead”: as 5 perguntas mais buscadas no Google (com respostas);https://www.elhombre.com.br/the-walking-dead-as-5-perguntas-mais-buscadas-no-google-com-respostas/;Glória;29;Morte;-9.325540327940875;-38.25477607167183;municipio;True;1;199;2021-09-06 19:27:35+00:00
Indígena morto em ataque é velado na comunidade em Iguatemi;https://g1.globo.com/ms/mato-grosso-do-sul/noticia/2025/11/17/indigena-morto-em-ataque-armado-e-velado-em-comunidade-em-ms.ghtml;Iguatemi;50;Morte;-23.685168127173007;-54.54572116361856;municipio;True;1;199;2025-11-17 00:00:00
Quem são os 16 enterrados como indigentes por militares em cemitério do Rio;https://noticias.uol.com.br/cotidiano/ultimas-noticias/2025/05/29/quem-sao-os-16-enterrados-como-indigentes-por-militares-em-cemiterio-do-rio.htm;Antônio Carlos;31;Morte;-21.319413479901776;-43.734659782199806;municipio;True;1;199;2025-05-29 00:00:00
Homem encontrado morto no rio deve ser sepultado como indigente;https://sampi.net.br/jundiai/noticias/2920375/policia/2025/08/homem-encontrado-morto-no-rio-deve-ser-sepultado-como-indigente;Horizonte;23;Morte;-4.108564700992577;-38.45902452643874;municipio;True;1;199;2025-08-05 16:20:23-03:00
RI UFPE: A construção do morto indigente no Instituto Médico Legal de Pernambuco :;https://repositorio.ufpe.br/handle/123456789/36808;Central;29;Morte;-11.14805069475268;-42.12795888125686;municipio;True;23;199;2026-04-16 13:57:49.300838
Enterrado como indigente, jovem teria sido morto por policiais militares há oito anos;https://oglobo.globo.com/rio/enterrado-como-indigente-jovem-teria-sido-morto-por-policiais-militares-ha-oito-anos-9094339;Esperança;25;Morte;-7.008386999234815;-35.8779655528334;municipio;True;1;199;2013-07-19 07:00:00
Indigente morto in Messico, le ultime immagini. Interrogazioni da Pd e M5S;https://www.ilfattoquotidiano.it/2014/10/16/anziano-morto-in-messico-ecco-il-video-delle-ultime-ore-fioccano-interrogazioni-incerto-il-destino-dalla-salma/1157819/;Una;29;Morte;-15.291459727152427;-39.08328699200278;municipio;True;1;199;2014-10-16 00:00:00
Família de ex-paratleta morto em Pernambuco promove vaquinha solidária: ‘Enterrado como indigente’;https://midiamax.com.br/cotidiano/2026/familia-ex-paratleta-morto-pernambuco-promove-vaquinha-solidaria-enterrado-indigente/;Mato Grosso;25;Morte;-6.526668647717065;-37.72188915633939;municipio;True;2;199;2026-03-01 13:54:55+00:00
"Homem encontrado morto está como indigente no IML; ele teria parentes em Muriaé";https://www.guiamuriae.com.br/noticias/policiais/homem-encontrado-morto-esta-como-indigente-no-iml-ele-teria-parentes-em-muriae/;Muriaé;31;Morte;-21.11912830499516;-42.36938001875024;municipio;True;1;199;2019-01-07 12:28:50-02:00
Estudante indígena é tratado como indigente após ser morto em Campinas;https://midianinja.org/estudante-indigena-e-tratado-como-indigente-apos-ser-morto-em-campinas/;Campinas;35;Morte;-22.903684526360006;-47.069117346118816;municipio;True;1;199;2022-02-24 18:49:16+00:00
Morto pela PM em Guarujá (SP) é enterrado como indigente;https://jornaldebrasilia.com.br/nahorah/morto-pela-pm-em-guaruja-sp-e-enterrado-como-indigente/;Bastos;35;Morte;-21.921642518186157;-50.72785900341581;municipio;True;1;199;2026-04-16 13:57:57.263566
‘Levado como indigente’: morto desarmado pela PM, entregador foi deixado de fralda e sem pertences;https://ponte.org/levado-como-indigente-morto-desarmado-pela-pm-entregador-foi-deixado-de-fralda-e-sem-pertences/;Belém;27;Morte;-9.576256927777296;-36.48634961248575;municipio;True;7;199;2025-05-27 14:29:14+00:00
Morto Indigente;https://www.youtube.com/watch?v=mDav9P3oPsk;Não Identificado;NI;Morte;-14.25223399277679;-51.907276108632104;municipio;True;75;199;2026-04-16 13:57:59.912212
Família descobre após oito anos que jovem desaparecido estava morto;https://record.r7.com/balanco-geral/familia-descobre-apos-oito-anos-que-jovem-desaparecido-estava-morto-09062025/;São Paulo;35;Morte;-23.543179262473938;-46.6214781720162;municipio;True;9;199;2025-06-09 18:17:09.160000+00:00
Esta es la identidad del joven que fue asesinado por un indigente mientras paseaba a su perro: lo acuchilló porque no le dio una moneda;https://www.infobae.com/colombia/2025/08/12/esta-es-la-identidad-del-joven-que-fue-asesinado-por-un-indigente-en-itagui-mientras-paseaba-a-su-perro/;Extrema;31;Violência;-22.85157954326239;-46.32302143710964;municipio;True;3;34;2025-08-12 00:00:00
"""Sensação da indignidade"": famílias negras se endividam para custear despesas funerárias";https://www.terra.com.br/nos/sensacao-da-indignidade-familias-negras-se-endividam-para-custear-despesas-funerarias,cc856d741aea700119d70effe59ae26d8973ghls.html;Aparecida;35;Morte;-22.861625738450982;-45.22283874644556;municipio;True;2;199;2023-03-21 18:38:45
Corpo encontrado na rua é de universitário e jovem treinador;https://www.noticiasdecoimbra.pt/corpo-encontrado-na-rua-e-de-universitario-e-jovem-treinador/;Porto;22;Outros;-3.891795211518234;-42.693216345652246;municipio;True;4;93;2026-04-16 13:58:07.385380
corpo encontrado na rua – Tudo Em Dia;https://www.tudoemdia.com/tag/corpo-encontrado-na-rua;Não Identificado;NI;Outros;-14.237843532140376;-51.90639010445903;municipio;True;75;93;2026-04-16 13:58:09.926611
Ator Jeff Machado é encontrado morto e concretado: veja tudo que se sabe sobre o caso;https://www.terra.com.br/noticias/brasil/policia/ator-jeff-machado-e-encontrado-morto-e-concretado-veja-tudo-que-se-sabe-sobre-o-caso,906c1e13ffcedd48f4f4aef226b64a66bfpjdwcz.html;Machado;31;Morte;-21.67977250830593;-45.904710004420494;municipio;True;1;199;2023-05-25 18:53:35
Corpo encontrado na Beira Mar teve órgão genital arrancado e estava no local há 24 horas;https://www.opovo.com.br/noticias/fortaleza/2017/08/corpo-encontrado-na-beira-mar-teve-orgao-genital-arrancado-e-estava-no.html;Não Identificado;NI;Outros;-14.231719904543413;-51.9338923473474;municipio;True;75;93;2017-08-05 12:52:00-03:00
Homem é morto a facadas em briga e corpo encontrado na rua em Dourados;https://ovigilantems.com.br/noticias/ver/13-03-2024/homem-é-morto-a-facadas-em-briga-e-corpo-encontrado-na-rua-em-dourados;Dourados;50;Morte;-22.217260396693657;-54.815964787707436;municipio;True;1;199;2026-04-16 13:58:14.525772
Corpo de pastor italiano é encontrado após emboscada no DF;https://jornaldebrasilia.com.br/brasilia/corpo-de-pastor-italiano-e-encontrado-apos-emboscada-no-df/;Cruz;23;Outros;-2.906648541380793;-40.18537566053842;municipio;True;3;93;2026-04-16 13:58:15.324444
Corpo de pastor italiano de 80 anos é encontrado em área de mata no DF;https://noticias.r7.com/brasilia/cidade-alerta-df/video/corpo-de-pastor-italiano-de-80-anos-e-encontrado-em-area-de-mata-no-df-14042026/;Cruz;23;Outros;-2.920979154235516;-40.188467590003576;municipio;True;3;93;2026-04-14 22:53:45+00:00
"Corpo é encontrado no meio da rua, no Contorno Leste, em Cuiabá; DHPP apura";https://www.gazetadigital.com.br/editorias/policia/corpo-e-encontrado-no-meio-da-rua-no-contorno-leste-em-cuiaba-dhpp-apura/843382;Pedra;26;Morte;-8.48954873418584;-36.9531046763093;municipio;True;2;199;2026-04-16 13:58:21.750533
Corpo de homem em situação de rua é encontrado próximo à Torre de TV em Brasília;https://ogritonews.com.br/2024/09/09/corpo-de-homem-em-situacao-de-rua-e-encontrado-proximo-a-torre-de-tv-em-brasilia/;Brasília;53;Outros;-15.778298918995535;-47.92290380824356;municipio;True;10;93;2024-09-09 00:00:00
Facebook;https://www.facebook.com/reel/1621967989070265/;Não Identificado;NI;Outros;-14.247884579907563;-51.921645944622114;municipio;True;75;93;2026-04-16 13:58:25.471774
Corpo encontrado na rua: morte em Pernambues | ARATU 24 HORAS | TV ARATU;https://www.youtube.com/watch?v=jRVmMEk0fzM;Não Identificado;NI;Outros;-14.226436991529189;-51.91519326751166;municipio;True;75;93;2026-04-16 13:58:27.103391
"Vazam fotos do serial killer ‘Pedrinho Matador’ mort0; veja";https://www.cm7brasil.com/noticias/policia/vazam-fotos-do-serial-killer-pedrinho-matador-mort0-veja/;Liberdade;31;Morte;-22.023757120381877;-44.320887275272206;municipio;True;4;199;2023-03-06 20:49:55+00:00
Polícia prende segundo suspeito de matar pastor evangélico italiano de 80 anos no DF;https://g1.globo.com/df/distrito-federal/noticia/2026/04/15/policia-prende-segundo-suspeito-de-matar-pastor-evangelico-italiano-de-80-anos-no-df.ghtml;Não Identificado;NI;Outros;-14.223540414748939;-51.9280209043535;municipio;True;75;93;2026-04-15 00:00:00
Homem encontrado morto na rua: “É preciso entender como é que era a vida deste senhor”;https://sic.pt/programas/casa-feliz/2024-03-20-homem-encontrado-morto-na-rua-e-preciso-entender-como-e-que-era-a-vida-deste-senhor;Franca;35;Morte;-20.52894475915971;-47.41253086801485;municipio;True;1;199;2024-03-20 00:00:00
Homem encontrado morto na Rua Pitangui, em Divinópolis, é identificado;https://g1.globo.com/mg/centro-oeste/noticia/2025/01/03/homem-encontrado-morto-na-rua-pitangui-em-divinopolis-e-identificado.ghtml;Não Identificado;NI;Morte;-14.221411168299882;-51.93271020612255;municipio;True;75;199;2025-01-03 00:00:00
Homem de 47 anos é encontrado morto em rua do centro de São Paulo;https://www.metropoles.com/sao-paulo/homem-encontrado-morto-centro-sp;São Paulo;35;Morte;-23.536268742682296;-46.648815711482214;municipio;True;9;199;2026-04-16 13:58:38.691144
Homem é encontrado morto na rua e polícia suspeita de hipotermia;https://www.campograndenews.com.br/cidades/interior/homem-e-encontrado-morto-na-rua-e-policia-suspeita-de-hipotermia;Estação;43;Morte;-27.90420442066095;-52.25225615370636;municipio;True;5;199;2026-04-16 13:58:42.366549
Homem é encontrado morto na rua depois de madrugada fria em Mauá;https://www.opovo.com.br/noticias/brasil/2022/05/19/homem-e-encontrado-morto-na-rua-depois-de-madrugada-fria-em-maua.html;Central;29;Morte;-11.119526117136502;-42.128496568132114;municipio;True;23;199;2022-05-19 00:00:00
Tiroteio no Barreiro. Homem encontrado morto na rua;https://www.rtp.pt/noticias/pais/tiroteio-no-barreiro-homem-encontrado-morto-na-rua_v1507312;Não Identificado;NI;Morte;-14.241163614107524;-51.92990636655029;municipio;True;75;199;2026-04-16 13:58:44.751598
Homem é encontrado morto na Rodoferroviária;https://www.gazetadopovo.com.br/vida-e-cidadania/homem-e-encontrado-morto-na-rodoferroviaria-21hedrzwie554m5vihfut0fgu/;Curitiba;41;Morte;-25.429778878130943;-49.27713638722945;municipio;True;3;199;2026-04-16 13:58:46.336856
Homem encontrado morto na rua em Santo Tirso;https://www.cmjornal.pt/portugal/detalhe/homem-encontrado-morto-na-rua-em-santo-tirso;Não Identificado;NI;Morte;-14.219666658618578;-51.928135876181116;municipio;True;75;199;2022-01-24 08:36:25+00:00
Homem em situação de rua é encontrado morto no Santa Paula • Marília Notícia;https://marilianoticia.com.br/homem-em-situacao-de-rua-e-encontrado-morto-no-santa-paula/;Central;29;Morte;-11.144426485580254;-42.098824243107245;municipio;True;23;199;2025-04-14 16:58:12+00:00
Homem armado com duas facas é encontrado morto no meio da rua em Brasília;https://noticias.r7.com/brasilia/balanco-geral-df/video/homem-armado-com-duas-facas-e-encontrado-morto-no-meio-da-rua-em-brasilia-03032026/;Brasília;53;Morte;-15.781992163427677;-47.930514607168384;municipio;True;10;199;2026-03-03 20:24:43+00:00
Homicida que matou homem em situação de rua a pedradas é condenado;https://www.metropoles.com/distrito-federal/homicida-que-matou-homem-em-situacao-de-rua-a-pedradas-e-condenado;Brasília;53;Outros;-15.767651965774348;-47.93840760398349;municipio;True;10;93;2026-04-16 13:58:55.649113
Suspeito segue foragido após morte de pastor italiano no DF durante emboscada;https://jornaldebrasilia.com.br/brasilia/pastor-italiano-e-encontrado-morto-apos-emboscada-em-sao-sebastiao/;Conceição;25;Outros;-7.537707100555997;-38.49483979272863;municipio;True;1;93;2026-04-16 13:58:57.827520
Homem em situação de rua é encontrado morto em ponto de ônibus na Vila Julieta;https://avozdacidade.com/wp/homem-em-situacao-de-rua-e-encontrado-morto-em-ponto-de-onibus-na-vila-julieta/;Brasília;53;Morte;-15.77621459725468;-47.94097942699753;municipio;True;10;199;2026-04-16 13:59:02.332893
Em madrugada gelada, homem em situação de rua é encontrado morto na Rua do Porto, em Piracicaba;https://www.youtube.com/watch?v=Hsb-dUlqJwY;Piracicaba;35;Morte;-22.727977526321116;-47.64104883826306;municipio;True;1;199;2026-04-16 13:59:03.777404
Mulher encontrada morta em rua da Zona Norte de São Paulo pode ter sido vítima de feminicídio;https://cbn.globo.com/sao-paulo/noticia/2025/03/18/mulher-encontrada-morta-em-rua-da-zona-norte-de-sao-paulo-pode-ter-sido-vitima-de-feminicidio.ghtml;São Paulo;35;Outros;-23.528165749173965;-46.646810412160654;municipio;True;9;93;2025-03-18 00:00:00
Mulher decapitada em Mogi das Cruze;https://news.google.com/stories/CAAqNggKIjBDQklTSGpvSmMzUnZjbmt0TXpZd1NoRUtEd2l6cnVqeUVCR3VJQ1RWdGVzRTd5Z0FQAQ?hl=pt-BR&gl=BR&ceid=BR:pt-419;Não Identificado;NI;Outros;-14.223615755986941;-51.91707931683622;municipio;True;75;93;2026-04-16 13:59:06.507171
Identificada, mulher encontrada morta com pescoço quebrado tinha 22 anos;https://www.campograndenews.com.br/cidades/capital/identificada-mulher-encontrada-morta-com-pescoco-quebrado-tinha-22-anos;Campo Grande;50;Outros;-20.445777851361566;-54.636715118820575;municipio;True;7;93;2026-04-16 13:59:08.248105
Mulher é encontrada morta no meio da rua na Serra;https://www.agazeta.com.br/es/policia/mulher-e-encontrada-morta-no-meio-da-rua-na-serra-1122;Jardim;50;Outros;-21.49703408291798;-56.14248922134352;municipio;True;7;93;2022-11-10 14:11:13+00:00
Verifying...;https://dishcuss.com/explore/mulher-encontrada-morta;Não Identificado;NI;Outros;-14.219612322952214;-51.935426000948596;municipio;True;75;93;2026-04-16 13:59:10.528812
Mulher encontrada morta em Marechal foi vítima de espancamento, aponta IML;https://www.tnh1.com.br/noticia/nid/mulher-encontrada-morta-em-marechal-foi-vitima-de-espancamento-aponta-iml/;Marechal Deodoro;27;Morte;-9.703284380547704;-35.91097474040467;municipio;True;1;199;2019-04-23 14:14:23-03:00
Mulher é encontrada morta após temporal em BH neste sábado (21);https://www.em.com.br/gerais/2026/03/7381199-mulher-e-encontrada-morta-apos-temporal-em-bh-neste-sabado-21.html;Alegre;32;Morte;-20.745196136998487;-41.52191117155081;municipio;True;7;199;2026-03-07 00:00:00
Mulher encontrada morta na Baixa de Coimbra. PJ investiga;https://www.noticiasaominuto.com/pais/2837061/mulher-encontrada-morta-na-baixa-de-coimbra-pj-investiga;Coimbra;31;Outros;-20.868109003181946;-42.8022771018036;municipio;True;1;93;2025-08-12 23:34:35+01:00
Mulher encontrada morta em residência na Camacha;https://www.dnoticias.pt/2026/4/16/488525-mulher-encontrada-morta-em-residencia-na-camacha/;Cruz;23;Outros;-2.9212341719292145;-40.1754687355756;municipio;True;3;93;2026-04-16 00:00:00
Mulher trans é encontrada morta com hematomas no rosto em apartamento na Rua Augusta, no Centro de SP;https://g1.globo.com/sp/sao-paulo/noticia/2026/04/03/mulher-trans-e-encontrada-morta-com-hematomas-no-rosto-em-apartamento-na-rua-augusta-no-centro-de-sp.ghtml;Não Identificado;NI;Outros;-14.250636810727915;-51.9133940055905;municipio;True;75;93;2026-04-03 00:00:00
Mulher é encontrada morta em estado de decomposição dentro de apartamento em Sete Lagoas;https://teclemidia.com/2026/04/14/mulher-e-encontrada-morta-em-estado-de-decomposicao-dentro-de-apartamento-em-sete-lagoas/;Sete Lagoas;31;Outros;-19.469450635435898;-44.23354192582298;municipio;True;1;93;2026-04-14 00:00:00
"Mulher é encontrada morta em Arraial d’Ajuda; polícia investiga suspeita de feminicídio";https://radar.news/morte-investiga-mulher-e-encontrada-morta-dentro-de-casa-em-arraial-dajuda/;Arraial;22;Outros;-6.668562545016191;-42.54646600189674;municipio;True;1;93;2026-04-11 09:11:30-03:00
Mulher encontrada morta em área de mata tinha 29 anos e era moradora de rua;https://www.correiobraziliense.com.br/cidades-df/2025/04/7107438-mulher-encontrada-morta-em-area-de-mata-tinha-29-anos-e-era-moradora-de-rua.html;Guará;35;Outros;-20.42218491262383;-47.81192207884352;municipio;True;1;93;2025-04-07 00:00:00
Mulher é encontrada morta na residência no bairro Mimoso III em Luis Eduardo Magalhães;https://blogbraga.com.br/NewsPage/d18b645b-52f5-4b14-99eb-f3bd2b4e6eeb/mulher-e-encontrada-morto-na-residencia-no-bairro-mimoso-iii-em-luis-eduardo-magalhaes/19-10-2025;Não Identificado;NI;Morte;-14.216486351518055;-51.93663886816587;municipio;True;75;199;2026-04-16 13:59:28.429454
Hickory Dickory Dock – Wikipédia, a enciclopédia livre;https://pt.wikipedia.org/wiki/Morte_na_rua_Hickory;Diamante;25;Outros;-7.431614749060103;-38.24549070879925;municipio;True;1;93;2026-04-16 13:59:30.543258
Acerto de contas, tiros e morte na Asa Norte aumentam sensação de insegurança;https://www.correiobraziliense.com.br/cidades-df/2025/09/7256445-acerto-de-contas-tiros-e-morte-na-asa-norte-aumentam-sensacao-de-inseguranca.html;Brasília;53;Morte;-15.781453871773014;-47.918453884566105;municipio;True;10;199;2025-09-07 00:00:00
PCDF prende dois suspeitos e esclarece morte de idoso italiano em São Sebastião;https://fatosonline.com.br/pcdf-prende-dois-suspeitos-e-esclarece-morte-de-idoso-italiano-em-sao-sebastiao/;Custódia;26;Outros;-8.080499827388605;-37.6519149882085;municipio;True;5;93;2026-04-15 00:00:00
Homem em situação de rua é morto a facadas em Pedro Canário;https://www.folhavitoria.com.br/policia/homem-em-situacao-de-rua-e-morto-a-facadas-na-rodoviaria-de-pedro-canario/;Pedro Canário;32;Morte;-18.289357781330583;-39.955441786532475;municipio;True;1;199;2026-04-12 22:56:31+00:00
morte na rua hickory agatha christie;https://www.americanas.com.br/s?q=morte+na+rua+hickory+agatha+christie&fuzzy=0&operator=and&facets=fuzzy,operator&sort=score_desc&page=0;Não Identificado;NI;Outros;-14.227605098380709;-51.93447910849428;municipio;True;75;93;2026-04-16 13:59:42.845942
A maior coleção de livros de bolso do Brasil;https://www.lpm.com.br/site/default.asp?Template=../livros/layout_produto.asp&CategoriaID=927382&ID=508251;Não Identificado;NI;Outros;-14.25095851548848;-51.93705879215891;municipio;True;75;93;2026-04-16 13:59:44.794176
Ficha técnica Morte na Rua - Elenco, Personagens e muito mais;https://filmow.com/morte-na-rua-t220449/ficha-tecnica/;Não Identificado;NI;Violência;-14.230218953483702;-51.94122817384121;municipio;True;75;34;2026-04-16 13:59:45.717180
MORTE NA RUA BRÁS BERNARDINO;https://www.topleituras.com/livros/morte-rua-bras-bernardino-2d13;Não Identificado;NI;Outros;-14.239255268028874;-51.936738525309615;municipio;True;75;93;2026-04-16 13:59:46.770582
Samuel Fuller Porto • OLX.pt;https://www.olx.pt/d/anuncio/morte-na-rua-beethoven-samuel-fuller-IDIwXx5.html?search_reason=search|organic;Porto;22;Outros;-3.892548279458991;-42.70228471391612;municipio;True;4;93;2026-04-16 13:59:48.996648
Morte na Rua Avanhandava;https://haikaieditora.com.br/produto/morte-na-rua-avanhandava/;Avanhandava;35;Outros;-21.467041870864602;-49.93863145504709;municipio;True;1;93;2024-05-28 20:20:34+00:00
"Jovem de 19 anos morre após briga de rua no Distrito Federal; homem que filmava também é preso - Jornal Opção";https://entorno.jornalopcao.com.br/policia/jovem-de-19-anos-morre-apos-briga-de-rua-no-distrito-federal-homem-que-filmava-tambem-e-preso-30023/;Liberdade;31;Morte;-22.02078627532592;-44.31096792704531;municipio;True;4;199;2026-02-16 14:13:33+00:00
O início é BOM? Morte na Rua Hickory - Agatha Christie - Resenha OsTrêsLivreteiros (1/4);https://www.youtube.com/watch?v=sqG0N7sFWS8;Não Identificado;NI;Outros;-14.2440050271887;-51.91557970850958;municipio;True;75;93;2026-04-16 13:59:53.293738
Ebook Morte na rua Hickory;https://www.tocalivros.com/ebook/morte-na-rua-hickory-agatha-christie-lpm-pocket;Não Identificado;NI;Outros;-14.217489679257401;-51.933336998781485;municipio;True;75;93;2026-04-16 13:59:54.919194
Jovem morre atropelado por triciclo em Cascadura, na Zona Norte;https://g1.globo.com/rj/rio-de-janeiro/noticia/2026/04/15/acidente-na-zona-norte-do-rio.ghtml;Não Identificado;NI;Acidente;-14.219560409475203;-51.93561601180178;municipio;True;75;2;2026-04-15 00:00:00
NAPOLI STREET (TRADUÇÃO);https://www.letras.mus.br/blackowl/napoli-street/traducao.html;Luz;31;Outros;-19.7835010577606;-45.690569287620974;municipio;True;1;93;2026-04-16 13:59:57.295742
Jovem de 19 morre após briga em rua do DF;https://g1.globo.com/df/distrito-federal/noticia/2026/02/15/jovem-de-19-morre-apos-briga-em-rua-do-df.ghtml;Não Identificado;NI;Outros;-14.221003442190412;-51.935213786257634;municipio;True;75;93;2026-02-15 00:00:00
Homem em situação de rua morre após ser baleado por policial da reserva em Águas Claras;https://jornaldebrasilia.com.br/brasilia/homem-em-situacao-de-rua-morre-apos-ser-baleado-por-policial-da-reserva-em-aguas-claras/;Reserva;41;Morte;-24.665551536429906;-50.85056513017574;municipio;True;3;199;2026-04-16 14:00:01.048478
Quem é o jovem que morreu após levar mata-leão em briga de rua no DF;https://www.metropoles.com/distrito-federal/na-mira/quem-e-o-jovem-que-morreu-apos-levar-mata-leao-em-briga-de-rua-no-df;Custódia;26;Morte;-8.073203985109771;-37.6406696219115;municipio;True;5;199;2026-04-16 14:00:02.052438
Prostituição, álcool e violência: como é a noite onde Valdiram morreu;https://www.uol.com.br/esporte/futebol/ultimas-noticias/2019/04/24/local-da-morte-de-valdiram-e-rua-de-prostituicao-alcool-e-drogas.htm;Canhotinho;26;Morte;-8.89289088705338;-36.180854551434855;municipio;True;1;199;2019-04-24 00:00:00
Vlog sobre um morçego que morreu na rua com os amigos;https://www.youtube.com/watch?v=2UynsSPC1OY;Não Identificado;NI;Morte;-14.226045476607633;-51.91206206102824;municipio;True;75;199;2026-04-16 14:00:15.593045
Idoso morre em centro de acolhida em São Paulo;https://www.nexojornal.com.br/extra/2022/05/18/Idoso-morre-em-centro-de-acolhida-em-São-Paulo;São Paulo;35;Outros;-23.517959687146565;-46.64488559502581;municipio;True;9;93;2022-05-18 00:00:00
Mulher morre atropelada por ônibus no Centro de BH;https://www.em.com.br/gerais/2024/12/7007908-mulher-morre-atropelada-por-onibus-no-centro-de-bh.html;Não Identificado;NI;Morte;-14.23162841644386;-51.9252651066918;municipio;True;75;199;2024-12-07 00:00:00
Sobe para 14 número de mortes após chuvas em São Paulo;https://www.estadao.com.br/sao-paulo/sobe-para-14-numero-de-mortes-apos-chuvas-em-sao-paulo/;Jardim;50;Morte;-21.47297853854022;-56.15003995015242;municipio;True;7;199;2026-04-16 14:00:20.315434
EUA: os ataques mortais que lançam luz sobre crescente número de sem-teto;https://www.bbc.com/portuguese/articles/crgvn3djj6do;Califórnia;41;Morte;-23.659449363398878;-51.35532930504447;municipio;True;2;199;2026-04-16 14:00:21.236493
Portal do Trânsito, Mobilidade & Sustentabilidade;https://www.portaldotransito.com.br/noticias/boletim/page/30/;Não Identificado;NI;Acidente;-14.225809551196509;-51.937533107934705;municipio;True;75;2;2026-04-16 14:00:23.055490
A invisibilidade da população de rua e de suas mortes por COVID-19 no município de São Paulo -;https://www.comciencia.br/a-invisibilidade-da-populacao-de-rua-e-de-suas-mortes-por-covid-19-no-municipio-de-sao-paulo/;Logradouro;25;Morte;-6.622920949145024;-35.439756016058;municipio;True;1;199;2024-03-14 12:26:32+00:00
População em Situação de Rua — Ministério dos Direitos Humanos e da Cidadania;https://www.gov.br/mdh/pt-br/navegue-por-temas/populacao-em-situacao-de-rua/populacao-em-situacao-de-rua;Painel;42;Outros;-27.92482670583845;-50.101665258405575;municipio;True;3;93;2026-04-16 14:00:26.519757
População em situação de rua;https://brasilescola.uol.com.br/brasil/populacao-situacao-rua.htm;Brasília;53;Outros;-15.786868694465008;-47.941963536864016;municipio;True;10;93;2026-04-16 14:00:27.557031
Déficit habitacional: mulheres em situação de rua no Brasil;https://observatorio3setor.org.br/podcast/mulheres-em-situacao-de-rua/;São Paulo;35;Outros;-23.52349581441955;-46.62746827444566;municipio;True;9;93;2026-04-16 14:00:29.215061
Desemprego, inflação e descaso: população em situação de rua sofre com o frio;https://lula.com.br/desemprego-inflacao-e-descaso-populacao-em-situacao-de-rua-sofre-com-o-frio/;Belo Horizonte;31;Morte;-19.91425807096083;-43.907047579962516;municipio;True;8;199;2022-05-20 15:38:17-03:00
Entidade pede ajuda para doar ítens à população de rua em BH;https://www.em.com.br/app/noticia/gerais/2020/03/31/interna_gerais,1134148/entidade-pede-ajuda-para-doar-itens-a-populacao-de-rua-em-bh.shtml;Belo Horizonte;31;Morte;-19.92535359841214;-43.925540369511396;municipio;True;8;199;2020-03-31 00:00:00
O Diagnóstico POP RUA;https://www.icomfloripa.org.br/populacao-de-rua-lanca-relatorio-em-parceria-com-o-icom/;Biguaçu;42;Outros;-27.491003166989984;-48.656127167722794;municipio;True;1;93;2017-07-11 10:13:27+00:00
População de rua e os corpos de fora das estatísticas;https://outraspalavras.net/outrasmidias/populacao-de-rua-e-os-corpos-de-fora-das-estatisticas/;Alegre;32;Morte;-20.761283005595207;-41.52410090368306;municipio;True;7;199;2026-04-16 14:00:45.016334
Instituto de Pesquisa e Estatística do Distrito Federal;https://ipe.df.gov.br/2o-censo-distrital-da-populacao-em-situacao-de-rua;Contagem;31;Outros;-19.912261922189444;-44.061171107917545;municipio;True;1;93;2026-04-16 14:00:46.683817
Vulnerabilidade à perda de seguimento e ao óbito por tuberculose nas pessoas em situação de rua no Brasil: um estudo de coorte retrospectiva Vulnerabilidade à perda de seguimento e ao óbito por tuberc;https://www.scielosp.org/article/csc/2024.v29n7/e02742024/pt/;Alegre;32;Morte;-20.747461250493718;-41.52279023242053;municipio;True;7;199;2024-07-01 00:00:00
Informe Técnico: Perfil da População em situação de rua no Brasil - Dezembro/2023 - ISBN: 978-65-86750-38-6;https://cnmp.mp.br/portal/informes/informe-tecnico-brasil.html;Não Identificado;NI;Outros;-14.247452597173577;-51.90757280225574;municipio;True;75;93;2026-04-16 14:00:56.253358
Google Maps;https://maps.google.com.br/;Não Identificado;NI;Outros;-14.21948772535955;-51.92639701132402;municipio;True;75;93;2026-04-16 14:00:58.458581
TUTORIAL BAIXAR OBITOS POPULACAO BRASIL;https://www.youtube.com/watch?v=4IztPIpTrxM;Não Identificado;NI;Outros;-14.25430042382753;-51.93063318872673;municipio;True;75;93;2026-04-16 14:01:07.718544
Guarda Municipal de Amparo esclarece morte de morador em situação de rua;https://oregional.net/guarda-municipal-de-amparo-esclarece-morte-de-morador-em-situacao-de-rua-196071;Alegre;32;Morte;-20.763772702540663;-41.55681925907875;municipio;True;7;199;2026-04-15 16:38:36-03:00
Morador em situação de rua é morto a facadas no centro;https://www.diariodigital.com.br/policia-2/morador-em-situacao-de-rua-e-morto-a-facadas-no-centro;Socorro;35;Morte;-22.607760482463824;-46.536565012193776;municipio;True;1;199;2025-07-30 07:48:00-04:00
Mulher pagou enterro de morador de rua morto em padaria: 'Poupar a família';https://noticias.uol.com.br/cotidiano/ultimas-noticias/2020/12/04/mulher-pagou-enterro-de-morador-de-rua-morto-em-padaria-poupar-a-familia.htm;Ipanema;31;Morte;-19.81047017186742;-41.718248989771546;municipio;True;1;199;2020-12-04 00:00:00
Morador em situação de rua homenageia cachorra que morreu;https://revistamarieclaire.globo.com/Noticias/noticia/2020/02/morador-em-situacao-de-rua-homenageia-cachorra-que-morreu.html;Não Identificado;NI;Morte;-14.229556291842943;-51.93400008021766;municipio;True;75;199;2026-04-16 14:01:11.933395
Morador de rua não deve ter morrido por frio, diz prefeitura de Pitangueiras;https://gazetadebebedouro.com.br/morador-de-rua-nao-deve-ter-morrido-por-frio-diz-prefeitura-de-pitangueiras/;Pitangueiras;41;Outros;-23.219575344250327;-51.5968950788564;municipio;True;1;93;2026-04-16 14:01:14.828148
Tarde mais fria do ano em São Paulo mata morador de rua;https://midiabahia.com.br/tarde-mais-fria-do-ano-em-sao-paulo-mata-morador-de-rua/;Mata;43;Morte;-29.554649900496138;-54.475196520922566;municipio;True;2;199;2017-07-19 20:09:42+00:00
O ex-morador de rua que superou 20 anos de dependência das drogas e se tornou professor universitário;https://www.geledes.org.br/o-ex-morador-de-rua-que-superou-20-anos-de-dependencia-das-drogas-e-se-tornou-professor-universitario/;Califórnia;41;Morte;-23.638709948087964;-51.355860241975385;municipio;True;2;199;2020-12-15 19:26:51+00:00
Morador de rua é encontrado morto no Terminal Barra Funda;https://vejasp.abril.com.br/cidades/morador-rua-morto-terminal-barra-funda/;Barra;29;Morte;-11.08240095963541;-43.15080363521983;municipio;True;5;199;2026-04-16 14:01:20.654470
Morre, aos 100 anos, Nativo Rodrigues, morador de Lagoa Santo Antônio;https://www.mixnoticias.com.br/morre-aos-100-anos-nativo-rodrigues-morador-de-lagoa-santo-antonio/;Capela;28;Morte;-10.524954122965985;-37.06378518028177;municipio;True;2;199;2021-09-28 18:48:24+00:00
Arquivos morador de rua;https://jr.jor.br/tag/morador-de-rua/;Jundiaí;35;Outros;-23.197707398182562;-46.90330089057932;municipio;True;2;93;2026-04-16 14:01:22.892732
Ex-morador de rua usa talento no projeto Votuporanga em Ação 2;https://www.votunews.com.br/ex-morador-de-rua-usa-talento-no-projeto-votuporanga-em-acao-2/;São Paulo;35;Outros;-23.52141058570095;-46.65257029577123;municipio;True;9;93;2026-04-16 14:01:24.829196
Morador de rua executado por PM em SP sonhava ser jogador de futebol;https://g1.globo.com/sp/sao-paulo/noticia/2025/08/06/morador-de-rua-executado-por-pm-sonhava-ser-jogador-de-futebol-e-se-mudou-para-sp-apos-perder-a-mae.ghtml;Tiros;31;Morte;-18.99198989957934;-45.974932386024605;municipio;True;6;199;2025-08-06 00:00:00
Portal Douglas Souza - Notícias da Região.;https://www.portaldouglas.com.br/2026/03/;Laranjeiras;28;Outros;-10.80288989919016;-37.18550124681641;municipio;True;1;93;2026-04-16 14:01:28.005305
Assassinato de Jeferson de Souza Santos – Wikipédia, a enciclopédia livre;https://pt.wikipedia.org/wiki/Assassinato_de_Jeferson_de_Souza;Central;29;Outros;-11.143939636665987;-42.10535519808508;municipio;True;23;93;2026-04-16 14:01:30.317725
Vídeo: homem é preso por matar e atear fogo em morador de rua;https://www.metropoles.com/brasil/policia-br/video-homem-e-preso-por-matar-e-atear-fogo-em-morador-de-rua;Posse;52;Outros;-14.091627505597753;-46.3610782034505;municipio;True;1;93;2026-04-16 14:01:31.484657
Depoimentos geram dúvida sobre autoria de assassinato de morador de rua em São Paulo;https://jovempan.com.br/noticias/brasil/depoimentos-duvidas-autoria-assassinato-morador-de-rua-sao-paulo.html;Ouvidor;52;Morte;-18.208965607860844;-47.835003667862715;municipio;True;1;199;2020-01-15 20:20:23-03:00
'Cantada' motivou espancamento e morte de morador de rua na Pampulha;https://www.em.com.br/gerais/2025/08/7236596-cantada-motivou-espancamento-e-morte-de-morador-de-rua-na-pampulha.html;São João;26;Morte;-8.885495607333082;-36.372096298797366;municipio;True;1;199;2025-08-07 00:00:00
Polícia indicia 3 homens pelo assassinato de morador de rua em Vitória;https://www.agazeta.com.br/es/policia/policia-indicia-3-homens-pelo-assassinato-de-morador-de-rua-em-vitoria-0721;Vitória;32;Morte;-20.29801762400177;-40.30432832936284;municipio;True;1;199;2021-07-21 20:08:16+00:00
Homem em carro de luxo executa morador de rua em Santo André;https://veja.abril.com.br/brasil/morador-de-rua-e-executado-a-tiros-em-santo-andre-no-abc-paulista/;Prata;25;Outros;-7.671071843145185;-37.06112275332456;municipio;True;1;93;2026-04-16 14:01:39.738464
Homem é preso após matar morador de rua em Angra dos Reis;https://www.osaogoncalo.com.br/seguranca-publica/155117/homem-e-preso-apos-matar-morador-de-rua-em-angra-dos-reis;Angra Dos Reis;33;Outros;-23.00136609816672;-44.30795836881632;municipio;True;1;93;2025-04-28 14:52:00
Vídeo mostra assassinato de morador de rua na Avenida Maranhão em Teresina;https://www.viagora.com.br/pi/piaui/noticia/2025/12/15/video-mostra-assassinato-de-morador-de-rua-na-avenida-maranhao-em-teresina-126025.html;Barra;29;Violência;-11.082239966345703;-43.15317996362751;municipio;True;5;34;2025-12-15 00:00:00
Morador de rua é encontrado carbonizado após ser morto a facadas;https://sampi.net.br/ovale/noticias/2939209/geral/2025/10/morador-de-rua-e-encontrado-carbonizado-apos-ser-morto-a-facadas;Estação;43;Morte;-27.925382164213065;-52.25598322329191;municipio;True;5;199;2025-10-29 19:39:04-03:00
Morador de rua é morto sem chances de defesa;https://jornaldaparaiba.com.br/cotidiano/morador-de-rua-e-morto-sem-chances-de-defesa;Aparecida;35;Morte;-22.831713920553103;-45.23999991816735;municipio;True;2;199;2012-03-17 06:30:00
Vídeo mostra assassinato de morador de rua por policiais nos EUA;https://www.youtube.com/watch?v=7Eg7_eChGLk;Não Identificado;NI;Outros;-14.230436578023323;-51.943290721166264;municipio;True;75;93;2026-04-16 14:01:47.366052
Preso por assassinato e agressões, “Neguinho” matou outro morador de rua em 2025;https://www.campograndenews.com.br/cidades/capital/preso-por-assassinato-e-agressoes-neguinho-matou-outro-morador-de-rua-em-2025;Campo Grande;50;Morte;-20.443845513328746;-54.62205733707965;municipio;True;7;199;2026-04-16 14:01:48.617007
Polícia usa IA e prende pai e filho por suspeita de assassinato de morador de rua;https://www.tnh1.com.br/noticia/nid/policia-usa-ia-e-prende-pai-e-filho-por-suspeita-de-assassinato-de-morador-de-rua/;Central;29;Morte;-11.157199204694782;-42.10170815729311;municipio;True;23;199;2026-04-12 22:03:55-03:00
Vizinhos protestam em frente ao prédio onde casal de idosos foi brutalmente assassinado em SC;https://ndmais.com.br/justica/vizinhos-protestam-em-frente-ao-predio-onde-casal-de-idosos-foi-brutalmente-assassinado-em-navegantes/;Itajaí;42;Morte;-26.9023417404188;-48.6884247617105;municipio;True;1;199;2026-04-10 18:24:59-03:00
MDHC acompanha agressão a homem em situação de rua em Belém;https://g1.globo.com/pa/para/noticia/2026/04/16/agressao-contra-homem-em-situacao-de-rua-em-belem-ministerio-dos-direitos-humanos-diz-que-acompanha-caso.ghtml;Belém;27;Violência;-9.590138568601793;-36.48771910148565;municipio;True;7;34;2026-04-16 00:00:00
Desde janeiro, Brasil teve 6.177 violações contra moradores de rua;https://www.metropoles.com/brasil/desde-janeiro-brasil-teve-6-177-violacoes-contra-moradores-de-rua;Painel;42;Outros;-27.923095123699945;-50.107728664901785;municipio;True;3;93;2026-04-16 14:01:56.895349
Denúncias de violência contra moradores de rua aumentam 24% no Brasil em 2024;https://www.cnnbrasil.com.br/nacional/denuncias-de-violencia-contra-moradores-de-rua-aumentam-24-no-brasil-em-2024/;Painel;42;Outros;-27.924736208103585;-50.08718680673412;municipio;True;3;93;2024-05-02 07:33:04-03:00
Brasil registra mais de 6 mil violações contra pessoas em situação de rua nos primeiros quatro meses de 2024;https://www.gov.br/mdh/pt-br/assuntos/noticias/2024/maio/brasil-registra-mais-de-6-mil-violacoes-contra-pessoas-em-situacao-de-rua-nos-primeiros-quatro-meses-de-2024;Brasileira;22;Outros;-4.144280711854407;-41.780440177848575;municipio;True;2;93;2026-04-16 14:02:02.054374
Violência contra homem em situação de rua leva órgãos a exigir campanha pública urgente em Belém;https://www.oliberal.com/policia/violencia-contra-homem-em-situacao-de-rua-leva-orgaos-a-exigir-campanha-publica-urgente-em-belem-1.1110050;Belém;27;Violência;-9.58542257844982;-36.489477921310815;municipio;True;7;34;2026-04-16 14:02:03.248710
Estudantes usam arma de choque para agredir morador de rua;https://ndmais.com.br/seguranca/estudantes-atacam-morador-rua-arma-de-choque-belem/;Extrema;31;Violência;-22.83880369924501;-46.30226355608219;municipio;True;3;34;2026-04-14 17:04:43-03:00
Violência contra morador de rua cresce em todo o país;https://www.em.com.br/app/noticia/nacional/2012/03/14/interna_nacional,283317/violencia-contra-morador-de-rua-cresce-em-todo-o-pais.shtml;Arapiraca;27;Morte;-9.75209072403643;-36.676533269837975;municipio;True;1;199;2012-03-14 00:00:00
Vídeo registra agressão contra morador de rua no interior do Acre;https://ecosdanoticia.net/2026/02/agressao-a-morador-de-rua-e-flagrada-por-cinegrafista-amador-em-cruzeiro-do-sul-e-gera-revolta/;Cruzeiro;35;Violência;-22.55347750320684;-44.95728881740399;municipio;True;2;34;2026-02-24 15:06:12-05:00
Durante briga, assessor parlamentar dispara 5 vezes contra morador de rua;https://www.campograndenews.com.br/cidades/capital/durante-briga-assessor-parlamentar-dispara-5-vezes-contra-morador-de-rua;Registro;35;Outros;-24.490815334725507;-47.827418385321444;municipio;True;3;93;2026-04-16 14:02:07.427976
Polícia prende dois por racismo e agressão contra morador de rua em SP;https://www.estadao.com.br/brasil/policia-prende-dois-por-racismo-e-agressao-contra-morador-de-rua-em-sp/;Não Identificado;NI;Outros;-14.247123565933839;-51.90684869093604;municipio;True;75;93;2026-04-16 14:02:10.182811
Mantido júri que condenou homens por tentativa de homicídio contra morador de rua;https://www.tjsp.jus.br/Noticias/Noticia?codigoNoticia=85631;Marco;23;Outros;-3.1350397594652657;-40.17511556855368;municipio;True;1;93;2026-04-16 14:02:10.989459
Vídeo: Violência contra morador de rua em frente a hospital gera revolta, exoneração e debate sobre dignidade humana em Ji-Paraná;https://roacontece.com/video-violencia-contra-morador-de-rua-em-frente-a-hospital-gera-revolta-exoneracao-e-debate-sobre-dignidade-humana-em-ji-parana/;Extrema;31;Outros;-22.844660633950507;-46.31385340402682;municipio;True;3;93;2026-02-06 18:18:55+00:00
Educa Mais Brasil;https://www.educamaisbrasil.com.br/enem/sociologia/violencia-urbana;Não Identificado;NI;Outros;-14.228409367407732;-51.91619385752697;municipio;True;75;93;2026-04-16 14:02:13.257642
Belo Horizonte é acusada de praticar 'ação higienista' contra moradores de rua;https://noticias.uol.com.br/cotidiano/ultimas-noticias/2013/06/14/belo-horizonte-e-acusada-de-praticar-acao-higienista-contra-moradores-de-rua.htm;Belo Horizonte;31;Outros;-19.9239852951065;-43.931329895799436;municipio;True;8;93;2013-06-14 00:00:00
Violência de skinhead contra morador de rua será investigada;https://vermelho.org.br/2013/04/12/violencia-de-skinhead-contra-morador-de-rua-sera-investigada/;Belo Horizonte;31;Outros;-19.90484332374927;-43.93565944550142;municipio;True;8;93;2013-04-12 00:00:00
Empresários cometem assassinato contra morador de rua;https://www.youtube.com/watch?v=e2T39NgVlAM;Não Identificado;NI;Outros;-14.215175936699106;-51.94342765765002;municipio;True;75;93;2026-04-16 14:02:17.027142
O direito à cidade: a exclusão socioespacial como geradora de violência e estigmatização para a População Em Situação de Rua na cidade de Belo Horizonte.;https://prezi.com/tevvyd2afgdc/o-direito-a-cidade-a-exclusao-socioespacial-como-geradora-de-violencia-e-estigmatizacao-para-a-populacao-em-situacao-de-rua-na-cidade-de-belo-horizonte/;Não Identificado;NI;Outros;-14.231635742157136;-51.94409035658887;municipio;True;75;93;2026-04-16 14:02:18.504849
Defensor e procurador são presos após intervirem em abordagem da PM contra morador de rua, em Cuiabá;https://www.cnnbrasil.com.br/nacional/defensor-e-procurador-sao-presos-apos-intervirem-em-abordagem-da-pm-contra-morador-de-rua-em-cuiaba/;Carolina;21;Violência;-7.335840270904476;-47.461183642368745;municipio;True;3;34;2024-07-06 11:43:36-03:00
Câmera de segurança flagra momento do disparo de PM contra morador de rua que tentava agredi-lo, em Limeira;https://elimeira.com.br/noticias/policia/camera-de-seguranca-flagra-momento-do-disparo-de-pm-contra-morador-de-rua-que-tentava-agredi-lo-em-limeira-sp/;Jardim;50;Outros;-21.466987803162574;-56.15812193829246;municipio;True;7;93;2022-11-19 12:13:10+00:00
PM da reserva mata homem em situação de rua em Águas Claras, no DF;https://g1.globo.com/df/distrito-federal/noticia/2026/03/24/pm-da-reserva-mata-homem-em-situacao-de-rua-em-aguas-claras-no-df.ghtml;Mata;43;Outros;-29.576450882397328;-54.44724638367707;municipio;True;2;93;2026-03-24 00:00:00
Morador em situação de rua é agredido até a morte por três vigilantes no Paraná;https://record.r7.com/balanco-geral/video/morador-em-situacao-de-rua-e-agredido-ate-a-morte-por-tres-vigilantes-no-parana-17072025/;Graça;23;Violência;-4.05556160872215;-40.74862238673376;municipio;True;1;34;2025-07-17 17:32:44+00:00
MORADOR DE RUA É LINCHADO ATÉ A MORTE NO CENTRO DE CARUARU;https://www.portalagresteviolento.com.br/2026/04/morador-de-rua-e-linchado-ate-a-morte-no-centro-de-caruaru/;Caruaru;26;Morte;-8.2945251076515;-35.98886262966447;municipio;True;1;199;2026-04-09 16:02:46-03:00
Morador de rua agredido até a morte em Vila Velha é identificado;https://www.agazeta.com.br/es/policia/morador-de-rua-agredido-ate-a-morte-em-vila-velha-e-identificado-0419;Vila Velha;32;Morte;-20.34642110518456;-40.274480398358875;municipio;True;1;199;2019-04-19 21:31:27+00:00
Morador de rua agredido por segurança morre após 22 dias internado em Caxias do Sul;https://www.terra.com.br/noticias/brasil/cidades/morador-de-rua-agredido-por-seguranca-morre-apos-22-dias-internado-em-caxias-do-sul,a56370baae8a2a61bf6cf7823b8b6d01b21g2agi.html;Alegre;32;Violência;-20.749183906628215;-41.55492960991183;municipio;True;7;34;2025-06-06 14:50:05
O que se sabe sobre o caso do morador de rua agredido por personal trainer no DF;https://www.tnh1.com.br/noticia/nid/o-que-se-sabe-sobre-o-caso-do-morador-de-rua-agredido-por-personal-trainer-no-df/;Jardim;50;Violência;-21.460648740746837;-56.13255428488123;municipio;True;7;34;2022-03-17 09:05:41-03:00
Homem nega dinheiro a morador de rua e é agredido, no ES;https://g1.globo.com/espirito-santo/noticia/2016/07/homem-nega-dinheiro-morador-de-rua-e-e-agredido-no-es.html;Não Identificado;NI;Violência;-14.218925070181546;-51.93702911969277;municipio;True;75;34;2016-07-09 11:50:02
Morador de rua é agredido até a morte no Segundo Distrito de Rio Branco;https://nahoradanoticia.com.br/policia/morador-de-rua-e-agredido-ate-a-morte-no-segundo-distrito-de-rio-branco/;Rio Branco;12;Morte;-9.97904469487436;-67.81621320877676;municipio;True;1;199;2024-04-25 15:26:14-05:00
Defensoria pede indenização a morador de rua agredido por empresários;https://www.metropoles.com/brasil/defensoria-pede-indenizacao-a-morador-de-rua-agredido-por-empresarios;Cuiabá;51;Violência;-15.611560951430782;-56.105525943392216;municipio;True;1;34;2026-04-16 14:02:35.314366
Morador de rua agredido por personal é retirado da cidade para sua segurança;https://noticias.r7.com/brasilia/morador-de-rua-agredido-por-personal-e-retirado-da-cidade-para-sua-seguranca-17032022/;Planaltina;52;Violência;-15.468676678346457;-47.62684093178721;municipio;True;3;34;2022-03-17 17:54:00+00:00
Morador de rua espancado por mulheres está internado em estado grave;https://www.pragmatismopolitico.com.br/2018/06/morador-de-rua-espancado-por-mulheres.html;Alumínio;35;Morte;-23.52906920462141;-47.268597324551486;municipio;True;1;199;2018-06-06 22:50:17+00:00
Farroupilha: Morreu o morador de rua agredido por vigilante;https://npexpresso.com.br/estado/farroupilha-morreu-o-morador-de-rua-agredido-por-vigilante-2;Farroupilha;43;Morte;-29.22224486320396;-51.336371393366946;municipio;True;1;199;2025-06-08 18:01:00+00:00
Vídeo mostra momento em que morador de rua é arrastado pelos pés e agredido até a morte no centro de Palmas;https://noticiadotocantins.com.br/video-mostra-momento-em-que-morador-de-rua-e-arrastado-pelos-pes-e-agredido-ate-a-morte-no-centro-de-palmas/;Central;29;Morte;-11.153452004061114;-42.11634704601641;municipio;True;23;199;2023-02-18 02:44:52+00:00
"Morador de rua agredido por empresário é internado em Cuiabá; advogado nega ajuda de Gusttavo Lima";https://www.cenariomt.com.br/mato-grosso/morador-de-rua-agredido-por-empresario-e-internado-em-cuiaba-advogado-nega-ajuda-de-gusttavo-lima/;Campanha;31;Violência;-21.855408089307442;-45.4200338305168;municipio;True;2;34;2020-04-14 07:16:50-04:00
Morador de rua é agredido até morrer em Curitiba;https://www.youtube.com/watch?v=NXKa0Vq6N_E;Curitiba;41;Violência;-25.401664208037168;-49.262538503010305;municipio;True;3;34;2026-04-16 14:02:48.924577
Vídeo;https://www.facebook.com/PragmatismoPolitico/videos/morador-de-rua-agredido-em-belém/629077691474966/;Não Identificado;NI;Outros;-14.249705734125849;-51.94129021168539;municipio;True;75;93;2026-04-16 14:02:49.889705
Homem morre em suposto latrocínio e suspeito é espancado em Manaus;https://emtempo.com.br/459871/policia/homem-e-morto-em-suposto-latrocinio-e-suspeito-e-espancado-em-manaus/;Custódia;26;Morte;-8.091282729826322;-37.63187941884848;municipio;True;5;199;2026-04-15 23:16:35+00:00
Polícia identifica dois estudantes suspeitos de agredir homem em situação de rua em Belém;https://plox.com.br/noticia/14/04/2026/morador-de-rua-sofre-ataques-em-belem-estudantes-de-direito-sao-suspeitos;Belém;27;Violência;-9.58696523644977;-36.47196801185682;municipio;True;7;34;2026-04-14 11:30:00+00:00
Mãe denuncia filhos suspeitos de espancar homem em situação de rua;https://g1.globo.com/ba/bahia/noticia/2026/03/21/homem-em-situacao-de-rua-e-espancado-em-salvador.ghtml;Não Identificado;NI;Violência;-14.224466483814627;-51.920647330901666;municipio;True;75;34;2026-03-21 00:00:00
#Curitiba MORADOR DE RUA E ESPANCADO BRUTALMENTE EM VIA PÚBLICA. O caso aconteceu nesta sexta dia (10) na região central de Curitiba. Veja no vídeo.;https://www.facebook.com/curitibarmcnoticias/videos/curitiba-morador-de-rua-e-espancado-brutalmente-em-via-públicao-caso-aconteceu-n/959702769877258/;Central;29;Violência;-11.139248384862901;-42.11688926905948;municipio;True;23;34;2026-04-16 14:02:55.657541
VÍDEO: Alunos de Direito usam arma de choque em morador de rua em Belém;https://emtempo.com.br/459394/policia/alunos-morador-choque/;Belém;27;Violência;-9.587418135009495;-36.48586386074638;municipio;True;7;34;2026-04-14 13:46:48+00:00
Três vigilantes são presos por matar morador de rua em Curitiba;https://www.band.com.br/band-parana/noticias/tres-vigilantes-sao-presos-por-matar-morador-de-rua-espancado-em-posto-no-reboucas-202507161003;Barra;29;Morte;-11.071301946241375;-43.12685188171958;municipio;True;5;199;2025-07-16 10:04:16-03:00
Morador de rua espancado por personal conta detalhes do caso;https://noticias.r7.com/brasilia/morador-de-rua-espancado-por-personal-conta-detalhes-do-caso-19042022/;Brasília;53;Violência;-15.794932572324214;-47.94120003023886;municipio;True;10;34;2022-03-24 16:09:00+00:00
Vídeo: Polícia Civil do DF investiga se morador de rua espancado foi vítima de marido traído ou suspeito de estupro;https://extra.globo.com/casos-de-policia/video-policia-civil-do-df-investiga-se-morador-de-rua-espancado-foi-vitima-de-marido-traido-ou-suspeito-de-estupro-25433307.html;Planaltina;52;Violência;-15.455812712527505;-47.60095702363769;municipio;True;3;34;2022-03-15 12:34:37
Conheça a história do morador de rua espancado por personal trainer;https://www.metropoles.com/distrito-federal/conheca-a-historia-do-morador-de-rua-espancado-por-personal-trainer;Brasília;53;Violência;-15.798255963804401;-47.94920223500899;municipio;True;10;34;2026-04-16 14:03:05.438507
Morador de rua espancado por personal dá sua versão: “Sou a única vítima”;https://aventurasnahistoria.com.br/noticias/historia-hoje/morador-de-rua-espancado-por-personal-da-sua-versao-sou-unica-vitima.phtml;Inocência;50;Violência;-19.725277290940575;-51.946207346670654;municipio;True;1;34;2022-03-24 13:21:22+00:00
Morador de rua espancado por personal é tietado dentro de Porsche;https://www.osaogoncalo.com.br/geral/119851/morador-de-rua-espancado-por-personal-e-tietado-dentro-de-porsche;Não Identificado;NI;Violência;-14.218162770146932;-51.94354611759575;municipio;True;75;34;2022-03-27 09:40:00
VÍDEO: Morador de rua espancado por personal troca beijos com influencer em festa;https://www.diariodocentrodomundo.com.br/essencial/morador-de-rua-influencer/;Aguiar;25;Violência;-7.0947656151194805;-38.18067507410646;municipio;True;1;34;2026-04-16 14:03:08.885112
ВКонтакте;https://vk.com/video475785298_456239135;Não Identificado;NI;Outros;-14.221319305702794;-51.91356542681668;municipio;True;75;93;2026-04-16 14:03:13.608319
Morador de rua espancado por personal após traição é recebido em abrigo;https://www.correio24horas.com.br/em-alta/morador-de-rua-espancado-por-personal-apos-traicao-e-recebido-em-abrigo-0322;Planaltina;52;Violência;-15.45795786452657;-47.62578920985899;municipio;True;3;34;2026-04-16 14:03:15.069387
ANÁLISE COM MORADOR DE RUA ESPANCADO PELO PERSONAL (GIVALDO ALVES) | Não Minta Pra Mim;https://www.youtube.com/watch?v=bkTqItsYOXM;Não Identificado;NI;Violência;-14.252053857747027;-51.932811854881656;municipio;True;75;34;2026-04-16 14:03:16.672245
Morador de rua espancado por personal ‘some’ da quadra onde ficava;https://ndmais.com.br/seguranca/morador-de-rua-espancado-por-personal-some-da-quadra-onde-ficava/;Jardim;50;Violência;-21.465400589494312;-56.12985373183088;municipio;True;7;34;2022-03-17 09:54:30-03:00
Morador de rua espancado por personal fala pela 1ª vez sobre o caso e se declara eleitor de Bolsonaro (vídeo);https://www.brasil247.com/regionais/brasilia/morador-de-rua-espancado-por-personal-fala-pela-1-vez-sobre-o-caso-e-se-declara-eleitor-do-bolsonaro-video;Não Identificado;NI;Violência;-14.230791566398139;-51.92368067744486;municipio;True;75;34;2022-03-24 07:29:47+00:00
Morte suspeita: os assassinatos que a polícia não conta;https://infograficos.estadao.com.br/cidades/morte-suspeita-assassinatos-que-a-policia-nao-conta/os-esquecidos;Agudo;43;Morte;-29.653115649375945;-53.26906451160067;municipio;True;1;199;2026-04-16 14:03:21.135954
